date,Price,Demand,Scheduled_Gen,Semi_Scheduled_Gen,Net_Import
2025-10-26 12:40:00,0.22,782.98,721.03518,61.94482,0.0
2025-10-26 12:45:00,0.22,784.83,725.01828,59.81172,0.0
2025-10-26 12:50:00,0.22,790.01,731.72969,58.28031,0.0
2025-10-26 12:55:00,0.22,792.83,725.16161,67.66839,0.0
2025-10-26 13:00:00,2.08,820.18,752.84629,67.33371,0.0
2025-10-26 13:05:00,1.08,811.65,724.22931,87.42069,0.0
2025-10-26 13:10:00,1.23227,824.56,741.98822,82.57178,0.0
2025-10-26 13:15:00,1.08,800.97,724.02886,76.94114,0.0
2025-10-26 13:20:00,1.23227,805.36,731.83312,73.52688,0.0
2025-10-26 13:25:00,1.08,798.83,725.05845,73.77155,0.0
2025-10-26 13:30:00,0.6358,798.35,717.722,80.628,0.0
2025-10-26 13:35:00,1.08,801.61,726.80775,74.80225,0.0
2025-10-26 13:40:00,0.12,805.29,607.83952,72.45048,-122.88
2025-10-26 13:45:00,1.08,798.22,719.98456,78.23544,0.0
2025-10-26 13:50:00,0.18328,797.7,693.04161,78.02839,-26.45
2025-10-26 13:55:00,1.08,794.48,717.77584,76.70416,0.0
2025-10-26 14:00:00,0.18328,780.14,716.4219,63.7181,0.0
2025-10-26 14:05:00,0.16,778.76,704.58769,74.17231,0.0
2025-10-26 14:10:00,-0.69543,798.77,604.04492,69.72508,-122.88
2025-10-26 14:15:00,0.57826,794.37,708.54525,74.26475,-11.57
2025-10-26 14:20:00,1.23227,822.71,752.45421,70.25579,0.0
2025-10-26 14:25:00,0.14,833.23,670.02075,61.73925,-100.0
2025-10-26 14:30:00,0.16,834.08,665.9638,68.1162,-100.0
2025-10-26 14:35:00,0.16,840.38,677.52497,62.85503,-100.0
2025-10-26 14:40:00,2.08,848.03,785.12807,62.90193,0.0
2025-10-26 14:45:00,5.2,884.09,822.46192,61.62808,0.0
2025-10-26 14:50:00,0.67676,876.72,716.73478,58.51522,-100.0
2025-10-26 14:55:00,0.08,886.0,515.84838,64.36162,-305.8
2025-10-26 15:00:00,0.16,884.44,722.17875,57.66125,-104.6
2025-10-26 15:05:00,5.2,895.87,832.10642,63.76358,0.0
2025-10-26 15:10:00,7.2,933.01,869.99028,63.01972,0.0
2025-10-26 15:15:00,5.16,923.59,853.79646,69.79354,0.0
2025-10-26 15:20:00,6.42026,928.29,858.46681,69.82319,0.0
2025-10-26 15:25:00,5.20696,943.55,876.32128,67.22872,0.0
2025-10-26 15:30:00,5.20696,956.18,885.78911,70.39089,0.0
2025-10-26 15:35:00,5.20696,964.24,887.0247,77.2153,0.0
2025-10-26 15:40:00,6.2,985.89,910.12255,75.76745,0.0
2025-10-26 15:45:00,6.18583,977.35,894.71773,82.63227,0.0
2025-10-26 15:50:00,6.18583,978.48,897.78844,80.69156,0.0
2025-10-26 15:55:00,5.62286,983.7,892.4606,91.2394,0.0
2025-10-26 16:00:00,6.18583,997.41,900.75207,96.65793,0.0
2025-10-26 16:05:00,4.63292,1006.81,808.85868,96.17132,-100.3
2025-10-26 16:10:00,40.17743,1004.08,874.89942,100.50058,-28.68
2025-10-26 16:15:00,53.61597,1006.48,874.90003,115.39997,-16.18
2025-10-26 16:20:00,49.39881,1031.31,882.90024,111.50976,-36.61
2025-10-26 16:25:00,6.2,1023.64,916.74733,106.89267,0.0
2025-10-26 16:30:00,6.18583,1020.02,903.85427,116.16573,0.0
2025-10-26 16:35:00,7.2,1028.79,909.91308,118.87692,0.0
2025-10-26 16:40:00,6.2,1031.41,911.14736,120.26264,0.0
2025-10-26 16:45:00,7.2,1055.2,928.0405,127.1595,0.0
2025-10-26 16:50:00,7.2,1051.59,927.21888,124.37112,0.0
2025-10-26 16:55:00,7.2,1056.93,930.84754,126.08246,0.0
2025-10-26 17:00:00,51.39081,1065.81,935.9027,127.7773,-2.12
2025-10-26 17:05:00,6.2,1060.58,934.18884,126.39116,0.0
2025-10-26 17:10:00,58.52657,1076.85,935.89954,133.37046,-7.54
2025-10-26 17:15:00,15.74495,1081.03,940.00299,126.02701,-14.91
2025-10-26 17:20:00,15.69075,1079.66,939.90433,118.52567,-21.1
2025-10-26 17:25:00,39.90203,1066.71,933.902,129.708,-3.1
2025-10-26 17:30:00,6.2,1068.52,932.68515,135.83485,0.0
2025-10-26 17:35:00,5.06,1064.76,926.13416,138.62584,0.0
2025-10-26 17:40:00,11.23988,1059.92,966.9004,135.4896,42.5
2025-10-26 17:45:00,5.06,1073.81,930.53096,143.27904,0.0
2025-10-26 17:50:00,4.24919,1066.94,921.18706,145.75294,0.0
2025-10-26 17:55:00,15.63611,1065.54,967.00014,149.04986,50.58
2025-10-26 18:00:00,23.10089,1076.44,965.20803,152.82197,41.62
2025-10-26 18:05:00,5.06,1075.79,942.92291,154.82709,21.93
2025-10-26 18:10:00,24.37289,1087.34,964.91237,159.81763,37.39
2025-10-26 18:15:00,1.2,1073.6,909.72693,163.87307,0.0
2025-10-26 18:20:00,24.17745,1072.12,978.60742,171.46258,78.28
2025-10-26 18:25:00,32.04961,1077.34,990.00226,169.93774,82.99
2025-10-26 18:30:00,40.13923,1090.87,993.90081,175.40919,78.77
2025-10-26 18:35:00,26.86754,1096.78,972.25719,165.52281,41.02
2025-10-26 18:40:00,15.39012,1106.52,962.24982,165.48018,21.18
2025-10-26 18:45:00,5.14,1108.68,954.26828,156.46172,2.04
2025-10-26 18:50:00,3.18198,1087.85,936.3568,153.0832,1.58
2025-10-26 18:55:00,9.02005,1092.35,977.22243,154.08757,38.97
2025-10-26 19:00:00,14.16991,1091.97,981.84883,151.89117,41.79
2025-10-26 19:05:00,1.70863,1088.12,931.13109,158.98891,1.99
2025-10-26 19:10:00,1.44197,1079.97,919.8291,160.1409,0.0
2025-10-26 19:15:00,3.18198,1087.11,930.39351,156.71649,0.0
2025-10-26 19:20:00,1.44197,1077.19,922.95396,154.23604,0.0
2025-10-26 19:25:00,3.18198,1080.23,933.08346,147.14654,0.0
2025-10-26 19:30:00,0.28509,1068.73,908.00491,160.72509,0.0
2025-10-26 19:35:00,1.44197,1070.13,900.63984,169.49016,0.0
2025-10-26 19:40:00,0.22,1072.91,891.44888,181.46112,0.0
2025-10-26 19:45:00,0.2,1076.81,871.78584,205.02416,0.0
2025-10-26 19:50:00,0.2,1074.66,883.23418,215.86582,24.41
2025-10-26 19:55:00,5.06,1076.82,921.57096,212.34904,57.23
2025-10-26 20:00:00,5.06,1066.63,948.22691,224.86309,107.22
2025-10-26 20:05:00,5.06,1057.1,918.2495,234.4005,96.12
2025-10-26 20:10:00,3.32141,1061.88,838.50138,236.12862,12.71
2025-10-26 20:15:00,0.16,1053.89,815.3814,238.5086,0.0
2025-10-26 20:20:00,0.16,1051.94,810.8315,241.1085,0.0
2025-10-26 20:25:00,0.16,1046.87,801.20722,245.66278,0.0
2025-10-26 20:30:00,0.16,1049.26,804.71595,244.54405,0.0
2025-10-26 20:35:00,3.08,1040.25,887.47926,231.60074,79.16
2025-10-26 20:40:00,2.82932,1045.6,901.80215,203.29785,59.64
2025-10-26 20:45:00,6.34371,1042.7,913.70316,207.81684,79.16
2025-10-26 20:50:00,0.28509,1019.91,860.80662,212.05338,53.03
2025-10-26 20:55:00,3.65158,1028.42,901.9002,207.8998,81.75
2025-10-26 21:00:00,4.31833,1024.79,901.80226,213.90774,91.42
2025-10-26 21:05:00,7.7761,1018.5,814.92408,205.52592,1.94
2025-10-26 21:10:00,0.16,997.26,788.53721,208.72279,0.0
2025-10-26 21:15:00,0.16,1000.84,786.48925,214.35075,0.0
2025-10-26 21:20:00,0.13505,987.76,772.1672,215.5928,0.0
2025-10-26 21:25:00,0.2,992.77,777.03868,215.73132,0.0
2025-10-26 21:30:00,0.2,986.3,777.97513,213.94487,5.61
2025-10-26 21:35:00,6.16,979.7,883.41433,216.28567,121.03
2025-10-26 21:40:00,2.08,975.27,882.16782,213.10218,121.03
2025-10-26 21:45:00,1.08,963.24,872.09563,211.14437,121.03
2025-10-26 21:50:00,0.22,958.96,846.71267,200.58733,88.8
2025-10-26 21:55:00,0.28532,948.67,799.96556,180.69444,31.97
2025-10-26 22:00:00,0.2,946.3,757.17209,189.12791,0.0
2025-10-26 22:05:00,0.2,917.31,733.29159,184.01841,0.0
2025-10-26 22:10:00,1.08,920.2,745.95845,201.71155,27.44
2025-10-26 22:15:00,0.2,921.2,714.5609,217.1791,10.51
2025-10-26 22:20:00,0.40406,907.2,738.97675,208.66325,40.45
2025-10-26 22:25:00,7.14,911.52,787.48889,209.46111,85.86
2025-10-26 22:30:00,3.08,912.16,713.76524,221.44476,23.03
2025-10-26 22:35:00,5.16,906.01,765.02,240.32,99.97
2025-10-26 22:40:00,0.22,899.19,656.04046,243.14954,0.0
2025-10-26 22:45:00,0.08,891.61,636.80059,268.32941,13.49
2025-10-26 22:50:00,0.14,895.3,690.779,257.951,53.52
2025-10-26 22:55:00,0.08,903.34,650.02824,253.31176,0.0
2025-10-26 23:00:00,0.08,890.34,645.28453,245.05547,0.0
2025-10-26 23:05:00,0.12591,890.37,647.33034,243.03966,0.0
2025-10-26 23:10:00,0.14,893.0,660.3952,245.3448,12.7
2025-10-26 23:15:00,0.2,878.77,720.62913,240.13087,82.36
2025-10-26 23:20:00,0.16,895.2,674.73528,255.96472,35.5
2025-10-26 23:25:00,0.08,882.07,617.77575,264.29425,0.0
2025-10-26 23:30:00,0.08,862.29,597.28364,265.00636,0.0
2025-10-26 23:35:00,0.12591,860.0,621.99302,285.01698,47.06
2025-10-26 23:40:00,0.16,873.5,589.26907,284.23093,0.0
2025-10-26 23:45:00,1.08,869.91,649.87422,281.92578,62.05
2025-10-26 23:50:00,0.2,871.38,645.27079,268.23921,42.16
2025-10-26 23:55:00,0.18328,881.08,613.13522,267.94478,0.0
2025-10-27 00:00:00,0.16,874.3,582.9015,291.3985,0.0
2025-10-27 00:05:00,0.16,876.31,590.8138,285.4962,0.0
2025-10-27 00:10:00,0.08,869.29,593.562,275.728,0.0
2025-10-27 00:15:00,0.2,879.75,608.58645,271.16355,0.0
2025-10-27 00:20:00,0.2,890.22,620.35697,269.86303,0.0
2025-10-27 00:25:00,0.2,882.5,627.74667,254.75333,0.0
2025-10-27 00:30:00,1.08,884.67,639.57487,245.09513,0.0
2025-10-27 00:35:00,0.2,879.08,634.10748,244.97252,0.0
2025-10-27 00:40:00,0.2,876.09,650.92637,225.16363,0.0
2025-10-27 00:45:00,3.08,899.26,685.60775,213.65225,0.0
2025-10-27 00:50:00,2.08,892.47,675.03198,217.43802,0.0
2025-10-27 00:55:00,6.16,900.69,699.40743,201.28257,0.0
2025-10-27 01:00:00,6.16,895.78,700.94941,194.83059,0.0
2025-10-27 01:05:00,2.08,894.02,684.42245,209.59755,0.0
2025-10-27 01:10:00,1.08,890.74,664.41965,226.32035,0.0
2025-10-27 01:15:00,2.2,892.15,690.2206,201.9294,0.0
2025-10-27 01:20:00,2.08,892.74,684.76476,207.97524,0.0
2025-10-27 01:25:00,6.14,890.41,690.55588,199.85412,0.0
2025-10-27 01:30:00,1.56286,879.85,677.07547,202.77453,0.0
2025-10-27 01:35:00,7.14,886.45,678.38521,208.06479,0.0
2025-10-27 01:40:00,3.2,884.24,669.22204,215.01796,0.0
2025-10-27 01:45:00,1.23227,870.74,642.53221,228.20779,0.0
2025-10-27 01:50:00,2.12,891.53,659.27393,232.25607,0.0
2025-10-27 01:55:00,6.16,895.22,670.67874,224.54126,0.0
2025-10-27 02:00:00,7.16,906.43,685.07302,221.35698,0.0
2025-10-27 02:05:00,8.2,920.92,695.24995,225.67005,0.0
2025-10-27 02:10:00,6.14,913.52,669.09286,244.42714,0.0
2025-10-27 02:15:00,2.12,918.28,663.77041,254.50959,0.0
2025-10-27 02:20:00,7.16,930.48,682.65819,247.82181,0.0
2025-10-27 02:25:00,65.00006,937.68,710.08363,226.17637,-1.41
2025-10-27 02:30:00,8.2,930.43,699.01146,231.41854,0.0
2025-10-27 02:35:00,8.2,931.69,699.66893,232.02107,0.0
2025-10-27 02:40:00,58.52633,954.39,724.74144,217.93856,-11.66
2025-10-27 02:45:00,2.08,944.04,726.54234,217.49766,0.0
2025-10-27 02:50:00,3.08,941.93,734.43625,207.49375,0.0
2025-10-27 02:55:00,3.22,940.41,740.66215,199.74785,0.0
2025-10-27 03:00:00,6.16,954.72,755.49889,199.22111,0.0
2025-10-27 03:05:00,7.14,944.2,757.19858,187.00142,0.0
2025-10-27 03:10:00,5.16,953.85,753.1448,200.7052,0.0
2025-10-27 03:15:00,8.2,973.3,781.51892,191.78108,0.0
2025-10-27 03:20:00,7.2,964.15,777.58965,186.56035,0.0
2025-10-27 03:25:00,7.2,976.74,812.54242,164.19758,0.0
2025-10-27 03:30:00,7.16,963.69,799.66933,164.02067,0.0
2025-10-27 03:35:00,2.20583,966.59,774.10736,192.48264,0.0
2025-10-27 03:40:00,1.23227,971.14,777.12829,194.01171,0.0
2025-10-27 03:45:00,1.23227,963.7,770.99159,192.70841,0.0
2025-10-27 03:50:00,1.23227,970.6,779.48026,191.11974,0.0
2025-10-27 03:55:00,1.23227,980.47,781.79835,198.67165,0.0
2025-10-27 04:00:00,5.16,990.84,792.86879,197.97121,0.0
2025-10-27 04:05:00,31.33556,991.73,805.12925,186.60075,0.0
2025-10-27 04:10:00,52.14,1011.03,816.90801,194.12199,0.0
2025-10-27 04:15:00,52.12,1011.64,836.86583,174.77417,0.0
2025-10-27 04:20:00,31.33556,1025.83,834.07337,191.75663,0.0
2025-10-27 04:25:00,26.14,1035.77,843.84675,191.92325,0.0
2025-10-27 04:30:00,58.52633,1043.64,876.28644,162.00356,-5.32
2025-10-27 04:35:00,26.8758,1027.56,863.49489,164.06511,0.0
2025-10-27 04:40:00,51.14,1041.85,871.56247,170.28753,0.0
2025-10-27 04:45:00,26.14,1033.85,864.50825,169.34175,0.0
2025-10-27 04:50:00,25.14,1046.46,867.13695,179.32305,0.0
2025-10-27 04:55:00,26.14,1074.91,873.7231,201.1869,0.0
2025-10-27 05:00:00,27.14,1078.06,881.15042,196.90958,0.0
2025-10-27 05:05:00,25.14,1089.11,875.31868,213.79132,0.0
2025-10-27 05:10:00,51.93487,1121.0,894.53689,226.46311,0.0
2025-10-27 05:15:00,110.24,1141.09,922.36404,218.72596,0.0
2025-10-27 05:20:00,53.14,1140.91,938.99407,201.91593,0.0
2025-10-27 05:25:00,109.05739,1172.34,974.04244,198.29756,0.0
2025-10-27 05:30:00,54.09859,1158.92,947.71968,211.20032,0.0
2025-10-27 05:35:00,110.24,1172.69,962.39818,210.29182,0.0
2025-10-27 05:40:00,105.79155,1190.51,991.92475,198.58525,0.0
2025-10-27 05:45:00,110.24,1203.09,996.6726,206.4174,0.0
2025-10-27 05:50:00,110.10082,1205.01,996.91063,208.09937,0.0
2025-10-27 05:55:00,112.14,1231.46,1017.59541,213.86459,0.0
2025-10-27 06:00:00,110.24,1229.16,1025.90361,203.25639,0.0
2025-10-27 06:05:00,110.24,1235.76,1040.77506,194.98494,0.0
2025-10-27 06:10:00,110.07275,1248.59,1040.81697,207.77303,0.0
2025-10-27 06:15:00,110.24,1253.99,1021.99901,198.68099,-33.06
2025-10-27 06:20:00,71.52756,1260.11,978.897,202.323,-78.88
2025-10-27 06:25:00,55.70437,1242.12,979.90203,203.92797,-58.29
2025-10-27 06:30:00,57.31319,1246.61,979.89521,204.39479,-62.31
2025-10-27 06:35:00,61.24036,1248.66,979.89662,215.87338,-52.88
2025-10-27 06:40:00,51.14,1259.14,974.90345,190.23655,-94.0
2025-10-27 06:45:00,60.48721,1268.12,982.19501,188.91499,-97.0
2025-10-27 06:50:00,57.87756,1299.07,985.90103,202.37897,-110.79
2025-10-27 06:55:00,57.99546,1284.84,985.97158,212.95842,-85.91
2025-10-27 07:00:00,60.89759,1280.35,985.89618,222.24382,-72.21
2025-10-27 07:05:00,110.24,1268.89,931.41433,198.84567,-138.64
2025-10-27 07:10:00,130.3,1248.11,1033.89243,196.21757,-18.0
2025-10-27 07:15:00,157.22737,1245.92,946.13267,190.29733,-107.81
2025-10-27 07:20:00,64.73034,1235.08,908.96621,162.69379,-163.42
2025-10-27 07:25:00,110.24,1235.61,899.92505,166.28495,-169.4
2025-10-27 07:30:00,64.72011,1235.27,873.44822,194.56178,-167.26
2025-10-27 07:35:00,97.29861,1239.19,741.27795,201.11205,-296.8
2025-10-27 07:40:00,73.94525,1210.28,826.89599,211.92401,-171.46
2025-10-27 07:45:00,68.90564,1192.97,835.75929,212.71071,-144.5
2025-10-27 07:50:00,64.03589,1196.04,824.42337,194.70663,-176.91
2025-10-27 07:55:00,80.91114,1180.23,828.69225,199.08775,-152.45
2025-10-27 08:00:00,81.18836,1149.3,825.44281,193.12719,-130.73
2025-10-27 08:05:00,99.09656,1151.39,825.49855,193.38145,-132.52
2025-10-27 08:10:00,60.2092,1152.76,831.10247,186.75753,-134.89
2025-10-27 08:15:00,63.78147,1140.57,832.84959,178.26041,-129.46
2025-10-27 08:20:00,68.8926,1139.43,835.84093,177.01907,-126.56
2025-10-27 08:25:00,63.37629,1124.59,838.24135,182.28865,-104.06
2025-10-27 08:30:00,50.14,1122.74,827.87551,194.86449,-100.0
2025-10-27 08:35:00,56.2638,1120.97,803.51095,205.22905,-112.23
2025-10-27 08:40:00,51.14,1112.94,804.55646,208.38354,-100.0
2025-10-27 08:45:00,50.14,1119.58,802.82375,216.75625,-100.0
2025-10-27 08:50:00,53.22879,1110.58,813.69444,201.69556,-95.19
2025-10-27 08:55:00,51.14,1102.43,806.18936,196.24064,-100.0
2025-10-27 09:00:00,44.40252,1094.85,792.61257,206.41743,-95.81
2025-10-27 09:05:00,55.57704,1079.93,751.13154,225.64846,-103.15
2025-10-27 09:10:00,50.14,1059.31,744.82354,214.48646,-100.0
2025-10-27 09:15:00,54.11315,1057.25,754.88075,186.24925,-116.12
2025-10-27 09:20:00,51.14,1053.45,750.91288,202.53712,-100.0
2025-10-27 09:25:00,25.14,1057.78,734.05894,223.72106,-100.0
2025-10-27 09:30:00,25.14,1062.81,731.12181,231.68819,-100.0
2025-10-27 09:35:00,58.41249,1049.57,707.43295,233.67705,-108.46
2025-10-27 09:40:00,64.72,1064.14,709.61413,221.13587,-133.39
2025-10-27 09:45:00,54.71505,1063.52,707.91678,213.04322,-142.56
2025-10-27 09:50:00,55.89376,1038.19,705.68211,220.84789,-111.67
2025-10-27 09:55:00,56.82036,1055.92,698.23686,207.31314,-150.38
2025-10-27 10:00:00,55.2028,1056.28,700.64644,198.94356,-156.7
2025-10-27 10:05:00,54.01106,1050.01,639.04012,208.97988,-201.99
2025-10-27 10:10:00,62.84813,1035.71,617.93132,218.29868,-199.48
2025-10-27 10:15:00,61.62272,1013.42,613.52313,174.89687,-225.0
2025-10-27 10:20:00,60.40013,1030.09,611.25298,181.81702,-237.02
2025-10-27 10:25:00,62.22376,1031.85,613.98982,212.55018,-205.31
2025-10-27 10:30:00,62.84878,1037.93,620.5591,171.6709,-245.69
2025-10-27 10:35:00,68.47718,1018.09,641.78138,160.24862,-216.05
2025-10-27 10:40:00,63.59042,1010.81,633.81118,153.92882,-223.07
2025-10-27 10:45:00,63.75572,982.16,631.84426,154.67574,-195.64
2025-10-27 10:50:00,64.18036,973.38,611.85676,174.64324,-186.88
2025-10-27 10:55:00,64.31145,950.57,615.12055,196.05945,-139.4
2025-10-27 11:00:00,64.98612,972.24,612.20899,204.08101,-155.95
2025-10-27 11:05:00,62.40059,962.25,589.92055,176.43945,-195.89
2025-10-27 11:10:00,66.97365,973.59,585.44396,153.00604,-235.14
2025-10-27 11:15:00,61.145,974.78,594.17171,184.92829,-195.68
2025-10-27 11:20:00,62.40059,978.94,591.48542,188.88458,-198.58
2025-10-27 11:25:00,62.47763,985.65,601.111,209.579,-174.95
2025-10-27 11:30:00,61.93827,987.68,602.68802,208.13198,-176.86
2025-10-27 11:35:00,62.18838,982.82,608.45334,222.24666,-152.11
2025-10-27 11:40:00,61.49351,976.96,612.81452,218.16548,-145.98
2025-10-27 11:45:00,62.21527,974.2,602.85429,205.99571,-165.34
2025-10-27 11:50:00,61.61189,975.28,595.31976,211.65024,-168.31
2025-10-27 11:55:00,62.11133,970.34,594.66121,204.89879,-170.78
2025-10-27 12:00:00,53.69191,956.48,600.06455,197.49545,-158.92
2025-10-27 12:05:00,52.6612,932.35,599.82636,200.85364,-131.67
2025-10-27 12:10:00,63.34629,937.17,599.86047,216.29953,-121.02
2025-10-27 12:15:00,60.7919,935.31,600.0668,197.7532,-137.49
2025-10-27 12:20:00,62.26734,954.75,598.05211,193.24789,-163.44
2025-10-27 12:25:00,61.93827,940.89,592.10228,167.88772,-180.91
2025-10-27 12:30:00,62.71639,930.22,589.33138,153.28862,-187.59
2025-10-27 12:35:00,69.41662,947.65,620.04118,165.81882,-161.79
2025-10-27 12:40:00,70.17116,938.71,612.34661,162.49339,-163.87
2025-10-27 12:45:00,68.44661,931.98,618.56867,168.88133,-144.53
2025-10-27 12:50:00,67.86652,928.38,621.3587,174.6313,-132.39
2025-10-27 12:55:00,67.52318,923.63,626.36614,158.21386,-139.06
2025-10-27 13:00:00,67.48326,932.39,629.55316,155.95684,-146.87
2025-10-27 13:05:00,68.47706,965.49,593.26235,162.38765,-209.84
2025-10-27 13:10:00,68.01334,951.26,595.14665,172.76335,-183.35
2025-10-27 13:15:00,69.53299,957.96,589.61801,167.17199,-201.16
2025-10-27 13:20:00,67.84956,961.64,603.12675,203.61325,-154.9
2025-10-27 13:25:00,58.5468,927.24,605.659,209.821,-111.76
2025-10-27 13:30:00,58.85894,932.56,601.44724,189.39276,-141.72
2025-10-27 13:35:00,66.34752,935.2,599.32315,181.15685,-154.72
2025-10-27 13:40:00,68.13312,927.09,597.74775,175.34225,-154.0
2025-10-27 13:45:00,68.3476,933.0,599.1287,171.3113,-162.56
2025-10-27 13:50:00,68.59263,927.91,592.22199,164.32801,-171.36
2025-10-27 13:55:00,67.72689,921.02,598.80701,163.35299,-158.86
2025-10-27 14:00:00,59.74976,926.01,596.79824,166.06176,-163.14
2025-10-27 14:05:00,56.40738,918.89,600.91937,174.21063,-143.76
2025-10-27 14:10:00,58.92247,923.91,604.89088,195.52912,-123.49
2025-10-27 14:15:00,62.77214,932.43,608.90805,186.11195,-137.42
2025-10-27 14:20:00,57.68171,932.38,607.44861,175.18139,-149.76
2025-10-27 14:25:00,59.63463,932.11,609.278,190.652,-132.18
2025-10-27 14:30:00,56.18067,940.74,613.63349,198.17651,-128.93
2025-10-27 14:35:00,58.36876,952.59,612.54099,181.24901,-158.8
2025-10-27 14:40:00,55.97128,945.85,606.97775,181.74225,-157.13
2025-10-27 14:45:00,56.03669,945.38,605.65622,173.86378,-165.86
2025-10-27 14:50:00,56.04108,948.69,612.33276,189.83724,-146.52
2025-10-27 14:55:00,55.97128,949.84,606.19693,184.23307,-159.42
2025-10-27 15:00:00,56.14673,955.56,608.43894,194.54106,-152.57
2025-10-27 15:05:00,38.70613,959.27,726.693,182.097,-50.48
2025-10-27 15:10:00,44.19656,972.51,715.7497,177.3903,-79.37
2025-10-27 15:15:00,44.1888,960.41,724.36411,165.25589,-70.8
2025-10-27 15:20:00,41.9299,976.2,717.74185,162.76815,-95.69
2025-10-27 15:25:00,46.48735,978.2,717.28914,171.45086,-89.46
2025-10-27 15:30:00,40.99237,984.69,721.09785,176.33215,-87.26
2025-10-27 15:35:00,35.79006,978.67,723.24038,183.34962,-72.08
2025-10-27 15:40:00,35.73334,990.58,725.50766,186.23234,-78.84
2025-10-27 15:45:00,43.92277,993.91,724.41696,189.76304,-79.72
2025-10-27 15:50:00,35.92088,997.07,726.64891,194.22109,-76.2
2025-10-27 15:55:00,58.27638,1005.65,727.67142,205.54858,-72.43
2025-10-27 16:00:00,45.44094,1013.04,730.22757,206.95243,-75.86
2025-10-27 16:05:00,64.73767,1024.99,721.7872,192.5328,-110.68
2025-10-27 16:10:00,66.87548,998.52,734.37312,197.73688,-66.41
2025-10-27 16:15:00,45.75179,1017.25,745.34428,209.39572,-62.52
2025-10-27 16:20:00,39.08978,1011.53,767.65134,198.14866,-45.73
2025-10-27 16:25:00,53.22372,1027.19,748.78521,199.28479,-79.12
2025-10-27 16:30:00,41.21533,1027.79,774.62747,194.67253,-58.5
2025-10-27 16:35:00,27.87596,1064.57,856.78,182.14,-25.65
2025-10-27 16:40:00,53.46338,1076.73,826.52782,166.15218,-84.05
2025-10-27 16:45:00,53.14847,1058.48,849.8499,173.1801,-35.45
2025-10-27 16:50:00,55.49132,1060.87,806.43446,173.94554,-80.49
2025-10-27 16:55:00,27.22737,1059.76,862.58341,161.05659,-36.12
2025-10-27 17:00:00,58.3351,1057.16,764.05851,149.71149,-143.39
2025-10-27 17:05:00,8.20249,1078.19,914.80386,144.31614,-19.08
2025-10-27 17:10:00,110.24,1081.94,814.75409,142.18591,-122.88
2025-10-27 17:15:00,58.50911,1084.4,924.58619,144.81381,-15.0
2025-10-27 17:20:00,65.0001,1079.14,867.82202,136.56798,-73.87
2025-10-27 17:25:00,8.25742,1079.53,912.44306,141.08694,-26.0
2025-10-27 17:30:00,71.39518,1075.94,886.23566,146.24434,-43.46
2025-10-27 17:35:00,110.24,1078.55,893.47832,152.75168,-32.32
2025-10-27 17:40:00,110.24,1079.66,925.19573,154.46427,0.0
2025-10-27 17:45:00,110.24,1086.55,926.04818,160.50182,0.0
2025-10-27 17:50:00,110.24,1086.68,928.36965,158.31035,0.0
2025-10-27 17:55:00,110.24,1091.1,928.86726,162.23274,0.0
2025-10-27 18:00:00,110.24,1097.51,954.36185,143.14815,0.0
2025-10-27 18:05:00,170.12208,1109.08,945.73374,135.52626,-27.64
2025-10-27 18:10:00,110.24,1104.31,971.00773,133.30227,0.0
2025-10-27 18:15:00,111.19,1108.41,956.06438,124.89562,-27.26
2025-10-27 18:20:00,100.32837,1113.22,909.48047,123.55953,-80.18
2025-10-27 18:25:00,67.45388,1116.62,906.6252,128.4248,-81.58
2025-10-27 18:30:00,77.03441,1137.85,904.07507,123.41493,-110.35
2025-10-27 18:35:00,77.32359,1159.16,899.55531,116.70469,-142.9
2025-10-27 18:40:00,77.63174,1146.34,904.85965,116.90035,-124.58
2025-10-27 18:45:00,76.88143,1155.03,905.1257,112.2343,-137.67
2025-10-27 18:50:00,76.94705,1150.63,910.93489,104.74511,-134.95
2025-10-27 18:55:00,76.96014,1154.22,911.1608,105.1692,-137.89
2025-10-27 19:00:00,82.85206,1159.69,879.47327,109.39673,-170.82
2025-10-27 19:05:00,96.22947,1158.43,878.70575,110.25425,-169.46
2025-10-27 19:10:00,130.24,1167.32,913.58202,118.10798,-135.62
2025-10-27 19:15:00,130.36,1170.11,959.52358,132.44642,-78.14
2025-10-27 19:20:00,130.24,1167.28,941.99195,136.28805,-89.0
2025-10-27 19:25:00,155.03218,1164.36,910.2972,132.4428,-121.62
2025-10-27 19:30:00,136.09675,1174.78,909.85015,132.97985,-131.95
2025-10-27 19:35:00,123.44292,1171.2,878.824,123.946,-168.42
2025-10-27 19:40:00,106.67009,1171.71,882.90085,113.17915,-175.63
2025-10-27 19:45:00,117.24671,1169.59,882.70465,102.53535,-184.36
2025-10-27 19:50:00,134.4526,1168.48,935.22289,93.48711,-139.77
2025-10-27 19:55:00,130.36,1170.65,931.84261,91.23739,-147.57
2025-10-27 20:00:00,95.22884,1170.0,890.01524,89.41476,-190.56
2025-10-27 20:05:00,140.10334,1165.16,936.16713,87.00287,-141.99
2025-10-27 20:10:00,130.36,1179.86,933.02952,87.14048,-159.69
2025-10-27 20:15:00,130.36,1173.84,920.13026,87.21974,-166.49
2025-10-27 20:20:00,123.73442,1169.62,893.30217,93.85783,-182.46
2025-10-27 20:25:00,82.45586,1169.52,930.86186,98.31814,-140.34
2025-10-27 20:30:00,94.41662,1163.22,932.34572,88.66428,-142.21
2025-10-27 20:35:00,95.19134,1161.81,903.12296,83.59704,-175.09
2025-10-27 20:40:00,88.62322,1153.06,911.61197,76.93803,-164.51
2025-10-27 20:45:00,76.16749,1142.77,913.90312,81.49688,-147.37
2025-10-27 20:50:00,76.28541,1139.16,917.95518,96.95482,-124.24
2025-10-27 20:55:00,76.46856,1135.15,922.55904,106.14096,-106.45
2025-10-27 21:00:00,71.33173,1128.3,915.6187,109.8813,-102.79
2025-10-27 21:05:00,64.64422,1123.64,916.90074,100.03926,-106.7
2025-10-27 21:10:00,108.82593,1114.65,873.80448,105.69552,-135.15
2025-10-27 21:15:00,109.25699,1107.12,873.90078,92.68922,-140.53
2025-10-27 21:20:00,64.63006,1107.14,873.8964,104.9536,-128.29
2025-10-27 21:25:00,63.91162,1102.35,873.69789,101.54211,-127.11
2025-10-27 21:30:00,60.47307,1091.12,887.70186,96.72814,-106.69
2025-10-27 21:35:00,64.50026,1093.87,851.8989,114.2511,-127.72
2025-10-27 21:40:00,107.89598,1083.19,851.90425,116.45575,-114.83
2025-10-27 21:45:00,87.66702,1072.0,851.79562,114.71438,-105.48
2025-10-27 21:50:00,73.81045,1065.3,851.70165,115.92835,-97.67
2025-10-27 21:55:00,84.80693,1062.27,838.80484,112.00516,-111.46
2025-10-27 22:00:00,110.28177,1058.23,838.89966,112.00034,-107.33
2025-10-27 22:05:00,105.17615,1046.3,801.99923,107.17077,-137.12
2025-10-27 22:10:00,130.18,1043.45,848.22886,99.48114,-95.74
2025-10-27 22:15:00,113.33357,1041.75,798.80431,100.23569,-142.71
2025-10-27 22:20:00,108.61772,1037.69,798.89585,97.07415,-141.71
2025-10-27 22:25:00,130.18,1026.04,833.87363,104.69637,-87.47
2025-10-27 22:30:00,97.73647,1011.54,817.9007,96.5093,-97.13
2025-10-27 22:35:00,121.53051,1009.42,798.90274,94.56726,-115.95
2025-10-27 22:40:00,104.14659,1003.4,798.8985,99.9915,-104.51
2025-10-27 22:45:00,118.69625,999.02,798.89986,94.21014,-105.91
2025-10-27 22:50:00,118.89147,999.71,785.89714,77.90286,-135.91
2025-10-27 22:55:00,87.81217,990.59,785.89699,68.31301,-136.37
2025-10-27 23:00:00,104.11722,986.87,785.79951,63.89049,-137.18
2025-10-27 23:05:00,130.18,979.74,822.05283,57.68717,-100.0
2025-10-27 23:10:00,131.18,980.11,860.17197,52.48803,-67.45
2025-10-27 23:15:00,109.44157,975.55,779.90142,46.28858,-149.36
2025-10-27 23:20:00,131.18,972.89,858.68245,42.25755,-71.95
2025-10-27 23:25:00,113.49923,968.51,785.63204,50.71796,-132.16
2025-10-27 23:30:00,90.20777,957.86,785.42537,56.94463,-115.48
2025-10-27 23:35:00,130.18,961.0,794.78522,66.21478,-100.0
2025-10-27 23:40:00,130.16,963.33,780.07409,59.41591,-123.85
2025-10-27 23:45:00,91.10742,965.02,768.89689,53.43311,-142.69
2025-10-27 23:50:00,91.72513,955.6,768.70109,53.02891,-133.87
2025-10-27 23:55:00,101.745,964.14,768.90418,53.08582,-142.16
2025-10-28 00:00:00,94.61705,957.82,768.8008,50.6892,-138.33
2025-10-28 00:05:00,111.62445,944.31,761.80118,55.17882,-127.33
2025-10-28 00:10:00,33.1547,938.38,863.43659,48.69341,-26.26
2025-10-28 00:15:00,94.65777,943.03,836.86961,46.67039,-59.49
2025-10-28 00:20:00,130.24,944.42,895.87666,48.54334,0.0
2025-10-28 00:25:00,112.08319,951.9,893.13128,50.86872,-7.86
2025-10-28 00:30:00,92.14356,946.21,895.1965,45.5235,-5.46
2025-10-28 00:35:00,50.33,934.82,888.50224,46.31776,0.0
2025-10-28 00:40:00,50.33,933.31,888.86911,44.44089,0.0
2025-10-28 00:45:00,130.24,946.93,901.2984,45.6316,0.0
2025-10-28 00:50:00,43.21477,932.85,886.8011,51.9489,5.88
2025-10-28 00:55:00,130.24,947.4,909.91741,37.48259,0.0
2025-10-28 01:00:00,63.94303,939.33,911.80212,34.53788,6.99
2025-10-28 01:05:00,70.52053,943.87,911.90395,36.14605,4.16
2025-10-28 01:10:00,70.45648,946.49,911.89778,39.96222,5.36
2025-10-28 01:15:00,65.72512,946.01,911.79716,42.56284,8.33
2025-10-28 01:20:00,64.65724,951.92,910.90105,46.05895,5.03
2025-10-28 01:25:00,60.87272,943.44,909.89657,52.38343,18.81
2025-10-28 01:30:00,50.33,946.19,890.72957,64.15043,8.66
2025-10-28 01:35:00,60.36426,959.47,909.90136,59.18864,9.59
2025-10-28 01:40:00,60.77313,946.03,909.79548,53.47452,17.21
2025-10-28 01:45:00,130.24,965.96,923.37424,42.58576,0.0
2025-10-28 01:50:00,50.36,948.69,897.97228,52.91772,2.19
2025-10-28 01:55:00,50.36,966.63,904.03708,62.59292,0.0
2025-10-28 02:00:00,60.11372,941.08,905.89723,55.46277,20.25
2025-10-28 02:05:00,62.79964,928.64,905.89541,48.01459,25.24
2025-10-28 02:10:00,50.36,955.25,895.15734,60.09266,0.0
2025-10-28 02:15:00,50.33,928.1,868.71872,59.38128,0.0
2025-10-28 02:20:00,50.33,940.65,885.79518,54.85482,0.0
2025-10-28 02:25:00,27.22,930.68,883.38895,47.29105,0.0
2025-10-28 02:30:00,50.33,934.87,886.38833,48.48167,0.0
2025-10-28 02:35:00,50.33,936.21,886.2037,50.0063,0.0
2025-10-28 02:40:00,50.33,937.87,890.86922,47.00078,0.0
2025-10-28 02:45:00,50.33,943.5,887.82921,55.67079,0.0
2025-10-28 02:50:00,104.61726,910.99,845.98129,56.47871,-8.49
2025-10-28 02:55:00,51.16,921.93,859.21127,62.71873,0.0
2025-10-28 03:00:00,8.25878,909.24,850.15282,68.35718,9.25
2025-10-28 03:05:00,51.16,921.07,846.49135,74.57865,0.0
2025-10-28 03:10:00,99.95607,924.97,862.80602,60.32398,-1.83
2025-10-28 03:15:00,100.20902,927.47,832.97245,52.02755,-42.11
2025-10-28 03:20:00,99.81729,928.58,845.36686,62.64314,-20.58
2025-10-28 03:25:00,110.24,915.86,859.10635,56.75365,0.0
2025-10-28 03:30:00,25.42826,920.71,870.92655,49.78345,0.0
2025-10-28 03:35:00,7.18,920.3,865.04854,61.08146,5.81
2025-10-28 03:40:00,8.80094,918.39,875.79597,56.87403,14.25
2025-10-28 03:45:00,36.94636,930.44,880.79867,51.19133,1.54
2025-10-28 03:50:00,52.16,939.32,885.62358,53.69642,0.0
2025-10-28 03:55:00,105.385,950.12,900.80984,49.31016,0.0
2025-10-28 04:00:00,109.05739,955.4,912.17377,43.22623,0.0
2025-10-28 04:05:00,104.29143,961.02,919.20693,41.81307,0.0
2025-10-28 04:10:00,110.24,970.54,925.66629,44.87371,0.0
2025-10-28 04:15:00,110.24,972.47,926.8023,45.6677,0.0
2025-10-28 04:20:00,110.24,975.67,937.29199,38.37801,0.0
2025-10-28 04:25:00,110.24,982.47,936.6825,45.7875,0.0
2025-10-28 04:30:00,110.24,990.75,941.48362,49.26638,0.0
2025-10-28 04:35:00,108.95238,993.51,940.74599,52.76401,0.0
2025-10-28 04:40:00,110.24,1007.91,948.73165,59.17835,0.0
2025-10-28 04:45:00,110.24,1012.83,951.61541,61.21459,0.0
2025-10-28 04:50:00,110.24,1025.09,958.07429,67.01571,0.0
2025-10-28 04:55:00,110.24,1030.59,959.65715,70.93285,0.0
2025-10-28 05:00:00,110.24,1038.28,975.15164,63.12836,0.0
2025-10-28 05:05:00,110.24,1048.01,984.36404,63.64596,0.0
2025-10-28 05:10:00,110.24,1070.25,1010.77565,59.47435,0.0
2025-10-28 05:15:00,110.24,1082.43,1023.96831,58.46169,0.0
2025-10-28 05:20:00,112.22,1100.71,1045.02193,55.68807,0.0
2025-10-28 05:25:00,110.24,1112.23,1054.09205,58.13795,0.0
2025-10-28 05:30:00,110.24,1117.68,1062.23232,55.44768,0.0
2025-10-28 05:35:00,129.3,1132.59,1077.87081,54.71919,0.0
2025-10-28 05:40:00,172.74933,1147.55,1095.98666,51.56334,0.0
2025-10-28 05:45:00,129.3,1152.55,1088.93326,63.61674,0.0
2025-10-28 05:50:00,129.3,1155.81,1095.3582,60.4518,0.0
2025-10-28 05:55:00,172.4086,1157.8,1106.37206,51.42794,0.0
2025-10-28 06:00:00,172.4086,1157.6,1105.51726,52.08274,0.0
2025-10-28 06:05:00,195.43147,1167.68,1114.2376,52.8824,-0.56
2025-10-28 06:10:00,194.25436,1169.77,1125.31047,43.10953,-1.35
2025-10-28 06:15:00,223.32613,1179.38,1125.30741,43.86259,-10.16
2025-10-28 06:20:00,194.60643,1186.17,1118.75455,50.22545,-17.09
2025-10-28 06:25:00,186.42053,1182.36,1117.1261,46.5339,-18.58
2025-10-28 06:30:00,130.3,1183.0,1140.40661,42.59339,0.0
2025-10-28 06:35:00,130.3,1182.87,1142.47065,40.39935,0.0
2025-10-28 06:40:00,129.3,1169.54,1130.668,38.872,0.0
2025-10-28 06:45:00,128.61,1195.75,1153.76173,41.98827,0.0
2025-10-28 06:50:00,128.61,1188.27,1150.57575,37.69425,0.0
2025-10-28 06:55:00,130.3,1192.47,1159.20933,33.26067,0.0
2025-10-28 07:00:00,130.3,1174.54,1145.66828,28.87172,0.0
2025-10-28 07:05:00,130.3,1176.04,1150.59814,25.44186,0.0
2025-10-28 07:10:00,110.24,1163.88,1015.23623,27.96377,-118.69
2025-10-28 07:15:00,130.3,1155.89,1122.66271,33.22729,0.0
2025-10-28 07:20:00,129.3,1140.08,1112.7308,27.3492,0.0
2025-10-28 07:25:00,128.83333,1134.31,1101.53725,32.77275,0.0
2025-10-28 07:30:00,91.01543,1122.32,1032.9,31.29,-57.55
2025-10-28 07:35:00,110.24,1108.24,1076.13591,32.10409,0.0
2025-10-28 07:40:00,121.5245,1103.41,1060.15531,32.36469,-10.83
2025-10-28 07:45:00,77.3826,1090.66,976.62761,28.99239,-83.95
2025-10-28 07:50:00,45.92193,1075.39,954.82759,26.41241,-94.15
2025-10-28 07:55:00,40.08,1066.68,915.26184,26.41816,-125.0
2025-10-28 08:00:00,35.0899,1052.25,907.31937,20.64063,-124.29
2025-10-28 08:05:00,61.00074,1043.38,821.6912,18.0988,-203.59
2025-10-28 08:10:00,65.0,1039.25,819.9143,22.8057,-196.53
2025-10-28 08:15:00,58.3003,1025.59,819.60367,26.15633,-179.83
2025-10-28 08:20:00,53.66214,1024.26,817.01289,35.46711,-171.78
2025-10-28 08:25:00,53.69159,1014.11,814.15283,35.34717,-164.61
2025-10-28 08:30:00,53.69149,1004.82,812.99934,29.18066,-162.64
2025-10-28 08:35:00,56.3401,990.65,765.90077,31.68923,-193.06
2025-10-28 08:40:00,53.63269,988.53,765.79703,36.92297,-185.81
2025-10-28 08:45:00,52.76318,977.71,715.45157,29.00843,-233.25
2025-10-28 08:50:00,52.70026,971.31,689.89929,26.24071,-255.17
2025-10-28 08:55:00,53.48535,968.6,689.99833,29.43167,-249.17
2025-10-28 09:00:00,56.25037,958.92,689.90168,30.08832,-238.94
2025-10-28 09:05:00,53.03079,947.75,764.59086,28.96914,-154.18
2025-10-28 09:10:00,52.85754,951.3,734.78334,25.40666,-191.11
2025-10-28 09:15:00,44.34232,937.67,715.90269,27.09731,-194.67
2025-10-28 09:20:00,51.13714,938.09,715.89899,26.79101,-195.4
2025-10-28 09:25:00,44.35097,936.37,715.69648,23.47352,-197.19
2025-10-28 09:30:00,44.40432,925.61,715.89549,23.36451,-186.35
2025-10-28 09:35:00,46.59418,920.3,670.90083,23.05917,-226.34
2025-10-28 09:40:00,52.00518,911.85,670.80121,29.07879,-211.97
2025-10-28 09:45:00,50.3333,907.21,670.79724,23.68276,-212.72
2025-10-28 09:50:00,50.26991,898.85,671.00133,23.16867,-204.68
2025-10-28 09:55:00,50.18245,892.99,670.90368,23.33632,-198.76
2025-10-28 10:00:00,50.80378,885.85,670.9046,25.2054,-189.74
2025-10-28 10:05:00,50.55876,873.67,670.80146,27.11854,-175.75
2025-10-28 10:10:00,51.27937,889.1,670.90484,24.31516,-193.88
2025-10-28 10:15:00,42.16997,873.33,670.80103,28.27897,-174.25
2025-10-28 10:20:00,44.4886,871.52,670.89745,30.14255,-170.47
2025-10-28 10:25:00,50.80268,865.39,670.69698,26.99302,-167.7
2025-10-28 10:30:00,48.77028,872.93,671.0039,25.2061,-176.72
2025-10-28 10:35:00,44.38205,858.77,627.80452,27.43548,-203.54
2025-10-28 10:40:00,44.38205,853.12,627.90212,26.46788,-198.75
2025-10-28 10:45:00,52.03867,853.74,627.90236,30.21764,-195.63
2025-10-28 10:50:00,52.07259,850.96,627.80031,31.82969,-191.33
2025-10-28 10:55:00,52.10608,843.82,627.90297,35.19703,-180.72
2025-10-28 11:00:00,52.10565,840.56,627.90115,34.28885,-178.37
2025-10-28 11:05:00,51.07609,839.44,605.00154,43.24846,-191.19
2025-10-28 11:10:00,50.83265,835.59,604.90263,49.27737,-181.42
2025-10-28 11:15:00,51.43793,837.67,604.89762,51.10238,-181.67
2025-10-28 11:20:00,46.02438,831.27,606.00035,53.11965,-172.15
2025-10-28 11:25:00,50.76571,830.18,605.89962,55.19038,-169.09
2025-10-28 11:30:00,48.40367,826.62,606.00209,56.84791,-163.77
2025-10-28 11:35:00,48.34793,817.56,605.90269,45.22731,-166.43
2025-10-28 11:40:00,44.54187,824.17,605.90477,55.70523,-162.56
2025-10-28 11:45:00,43.92865,816.75,605.89555,60.41445,-150.44
2025-10-28 11:50:00,44.56438,825.76,605.6988,65.3012,-154.75
2025-10-28 11:55:00,44.45768,847.81,605.90464,63.02536,-178.88
2025-10-28 12:00:00,41.37183,863.68,605.99544,56.35456,-201.32
2025-10-28 12:05:00,44.40432,858.78,605.89687,67.62313,-185.25
2025-10-28 12:10:00,44.38205,870.53,606.00249,57.26751,-207.26
2025-10-28 12:15:00,49.02956,865.67,605.90471,63.71529,-196.06
2025-10-28 12:20:00,50.82788,867.77,606.00292,64.27708,-197.49
2025-10-28 12:25:00,44.40432,867.09,605.9982,66.6518,-194.44
2025-10-28 12:30:00,41.32333,862.38,605.99692,65.05308,-191.32
2025-10-28 12:35:00,41.43419,855.89,606.00295,72.16705,-177.72
