Settlement Date,Dispatch Price ($/MWh),Scheduled Demand (MW),Scheduled Generation (MW),Semi Scheduled Generation (MW),Net Import (MW),Type
26/10/2025 12:40,-10.23,5239.58,2808.40448,1989.53552,-407.2,"ACTUAL"
26/10/2025 12:45,0.69,5435.05,2817.00331,2250.57669,-324.31,"ACTUAL"
26/10/2025 12:50,-0.38,5352.17,2745.0017,2208.8783,-371.03,"ACTUAL"
26/10/2025 12:55,20.12,5079.17,2813.99842,2092.29158,-111.61,"ACTUAL"
26/10/2025 13:00,-6.49975,5375.4,2703.00433,2094.27567,-528.84,"ACTUAL"
26/10/2025 13:05,-17.19,5013.15,2608.15577,2062.42423,-318.6,"ACTUAL"
26/10/2025 13:10,5.25212,5081.88,2548.00146,2231.49854,-255.74,"ACTUAL"
26/10/2025 13:15,-6.5,4741.82,2530.00452,1867.51548,-246.43,"ACTUAL"
26/10/2025 13:20,-8.38114,4758.58,2515.99649,1817.44351,-327.92,"ACTUAL"
26/10/2025 13:25,-6.5,4693.88,2517.00194,2000.04806,-73.5,"ACTUAL"
26/10/2025 13:30,-19.93,4595.34,2466.03352,1803.53648,-229.49,"ACTUAL"
26/10/2025 13:35,-26.839,4602.62,2413.45273,1737.46727,-369.58,"ACTUAL"
26/10/2025 13:40,-66.31,4537.65,2340.80327,1549.55673,-619.05,"ACTUAL"
26/10/2025 13:45,-33.67,4375.08,2365.00138,1744.44862,-254.24,"ACTUAL"
26/10/2025 13:50,-41.75866,4198.74,2314.62895,1852.10105,-9.14,"ACTUAL"
26/10/2025 13:55,-40.38616,4158.02,2295.00448,1752.58552,-96.5,"ACTUAL"
26/10/2025 14:00,-20.37,4014.33,2340.21691,1636.01309,68.98,"ACTUAL"
26/10/2025 14:05,-19.99,3983.55,2365.00009,1319.41991,-224.31,"ACTUAL"
26/10/2025 14:10,-81.97655,3885.94,2231.93541,890.81459,-716.78,"ACTUAL"
26/10/2025 14:15,-20.99,4003.4,2374.00334,1438.41666,-154.57,"ACTUAL"
26/10/2025 14:20,-19.93,4063.24,2365.004,1661.346,70.78,"ACTUAL"
26/10/2025 14:25,-47.67235,3949.51,2357.27889,1515.12111,14.26,"ACTUAL"
26/10/2025 14:30,-56.34365,3868.83,2295.00438,1428.26562,-66.11,"ACTUAL"
26/10/2025 14:35,-59.46,3799.64,2295.00129,1451.34871,13.74,"ACTUAL"
26/10/2025 14:40,-17.61444,3856.8,2347.9392,1608.6308,250.25,"ACTUAL"
26/10/2025 14:45,-34.79216,3835.12,2355.50278,1533.40722,234.91,"ACTUAL"
26/10/2025 14:50,-62.95,3790.44,2306.99982,1210.10018,-206.25,"ACTUAL"
26/10/2025 14:55,-61.39041,3962.5,2295.0014,1406.0686,-216.67,"ACTUAL"
26/10/2025 15:00,-46.9393,4191.34,2295.0047,1685.0753,-137.58,"ACTUAL"
26/10/2025 15:05,-33.36672,4451.89,2294.99785,1721.94215,-349.94,"ACTUAL"
26/10/2025 15:10,-36.16717,4488.08,2295.00196,1760.24804,-365.78,"ACTUAL"
26/10/2025 15:15,-39.13563,4561.39,2295.00423,1651.97577,-597.86,"ACTUAL"
26/10/2025 15:20,-6.5,4774.74,2342.99793,2074.28207,-293.91,"ACTUAL"
26/10/2025 15:25,-6.5,4742.56,2343.00003,1942.94997,-434.48,"ACTUAL"
26/10/2025 15:30,-10.69,4779.99,2342.9967,1958.8833,-442.51,"ACTUAL"
26/10/2025 15:35,-50.22,4799.99,2335.5585,1723.3515,-664.49,"ACTUAL"
26/10/2025 15:40,-35.53854,4766.98,2316.24743,1851.95257,-542.04,"ACTUAL"
26/10/2025 15:45,-50.22,4663.51,2295.0007,1783.0593,-569.06,"ACTUAL"
26/10/2025 15:50,-31.11991,4644.11,2347.0024,1811.7576,-465.43,"ACTUAL"
26/10/2025 15:55,-50.22,4553.19,2341.28033,1696.20967,-492.71,"ACTUAL"
26/10/2025 16:00,-50.22,4563.85,2359.27733,1738.32267,-423.52,"ACTUAL"
26/10/2025 16:05,-59.46,4459.72,2353.56375,1713.77625,-364.23,"ACTUAL"
26/10/2025 16:10,-24.79093,4541.05,2375.2515,1787.4885,-349.44,"ACTUAL"
26/10/2025 16:15,-11.4,4602.3,2393.99802,2131.49198,11.21,"ACTUAL"
26/10/2025 16:20,-15.57953,4545.92,2394.00121,1911.59879,-186.34,"ACTUAL"
26/10/2025 16:25,-49.54247,4556.38,2355.40781,1731.60219,-446.26,"ACTUAL"
26/10/2025 16:30,-50.22,4579.44,2323.99935,1719.81065,-508.32,"ACTUAL"
26/10/2025 16:35,-23.74,4588.35,2390.68274,1760.91726,-390.65,"ACTUAL"
26/10/2025 16:40,-22.86033,4595.45,2401.00383,1702.41617,-455.74,"ACTUAL"
26/10/2025 16:45,-19.93,4726.93,2400.99879,1880.16121,-391.95,"ACTUAL"
26/10/2025 16:50,-19.93,4776.95,2407.0028,2022.8372,-288.68,"ACTUAL"
26/10/2025 16:55,-19.93,4789.6,2406.99859,2039.38141,-296.08,"ACTUAL"
26/10/2025 17:00,-13.66453,4775.43,2457.96845,2124.64155,-129.64,"ACTUAL"
26/10/2025 17:05,-41.44914,4719.37,2396.68717,2033.93283,-243.71,"ACTUAL"
26/10/2025 17:10,-6.49976,4860.04,2461.77655,2453.70345,164.22,"ACTUAL"
26/10/2025 17:15,-49.32101,4764.22,2389.56096,1964.22904,-349.72,"ACTUAL"
26/10/2025 17:20,-49.37528,4790.01,2372.28092,1937.70908,-416.75,"ACTUAL"
26/10/2025 17:25,-25.20074,4855.01,2413.00401,1911.00599,-452.11,"ACTUAL"
26/10/2025 17:30,-19.93,4862.53,2407.00099,1980.46901,-380.97,"ACTUAL"
26/10/2025 17:35,-8.19,4950.57,2474.36077,2161.22923,-229.65,"ACTUAL"
26/10/2025 17:40,46.73677,4972.31,2592.71679,2719.89321,488.49,"ACTUAL"
26/10/2025 17:45,8.95052,5007.77,2668.5956,2436.9844,223.97,"ACTUAL"
26/10/2025 17:50,0.00016,5052.78,2556.99753,2663.41247,276.72,"ACTUAL"
26/10/2025 17:55,51.19885,5135.47,2716.99656,2677.78344,389.7,"ACTUAL"
26/10/2025 18:00,14.70069,5201.07,2768.9952,2841.4148,580.21,"ACTUAL"
26/10/2025 18:05,40.43674,5198.84,2856.00086,2671.88914,477.97,"ACTUAL"
26/10/2025 18:10,60,5229.24,2951.08959,2622.08041,478.87,"ACTUAL"
26/10/2025 18:15,8.95,5222.99,2927.39928,2637.23072,479.72,"ACTUAL"
26/10/2025 18:20,60,5324.97,3029.78958,2585.84042,436.01,"ACTUAL"
26/10/2025 18:25,67,5327.74,3174.16969,2517.91031,502.17,"ACTUAL"
26/10/2025 18:30,67,5357.23,3256.14963,2517.07037,560.95,"ACTUAL"
26/10/2025 18:35,9.94333,5387.13,3184.99995,2618.48005,580.18,"ACTUAL"
26/10/2025 18:40,8.95,5332.38,3204.64017,2554.52983,569.93,"ACTUAL"
26/10/2025 18:45,8.95,5411.79,3332.09805,2517.90195,603.37,"ACTUAL"
26/10/2025 18:50,38.53216,5436.35,3395.00439,2488.34561,606.38,"ACTUAL"
26/10/2025 18:55,8.95,5427.16,3348.32413,2472.54587,553.4,"ACTUAL"
26/10/2025 19:00,8.95,5454.62,3342.08019,2477.08981,518.5,"ACTUAL"
26/10/2025 19:05,8.95,5427.99,3272.37079,2554.12921,573.31,"ACTUAL"
26/10/2025 19:10,8.95,5446.31,3274.12644,2594.88356,590.87,"ACTUAL"
26/10/2025 19:15,8.95,5453.38,3266.26294,2658.13706,632.62,"ACTUAL"
26/10/2025 19:20,8.95,5472.92,3307.75632,2693.60368,682.77,"ACTUAL"
26/10/2025 19:25,8.95,5463.78,3324.17204,2713.06796,722.67,"ACTUAL"
26/10/2025 19:30,8.95,5466.71,3367.6755,2679.3345,733.03,"ACTUAL"
26/10/2025 19:35,9.68854,5440.52,3397.72164,2625.85836,739.44,"ACTUAL"
26/10/2025 19:40,31.84877,5441.25,3492.99843,2505.11157,714.86,"ACTUAL"
26/10/2025 19:45,8.95,5430.93,3637.44299,2367.36701,732.57,"ACTUAL"
26/10/2025 19:50,18.48894,5421.91,3610.99524,2308.63476,657.9,"ACTUAL"
26/10/2025 19:55,22.26723,5351.82,3642.00148,2206.24852,652.61,"ACTUAL"
26/10/2025 20:00,25.8115,5336.03,3659.00128,2105.17872,583.51,"ACTUAL"
26/10/2025 20:05,21.58941,5327.79,3665.99789,2045.56211,550.65,"ACTUAL"
26/10/2025 20:10,8.95,5286.73,3651.36985,2056.25015,588.11,"ACTUAL"
26/10/2025 20:15,8.95,5256.24,3650.56765,2019.98235,559.16,"ACTUAL"
26/10/2025 20:20,0.01006,5219.82,3583.31236,2050.00764,570.49,"ACTUAL"
26/10/2025 20:25,8.95,5168.77,3657.44573,2033.62427,675.3,"ACTUAL"
26/10/2025 20:30,8.95,5171.3,3682.23153,2004.18847,667.17,"ACTUAL"
26/10/2025 20:35,38.47989,5119.17,3668.00467,1853.33533,543.05,"ACTUAL"
26/10/2025 20:40,8.95,5121.4,3685.55128,1816.63872,525.4,"ACTUAL"
26/10/2025 20:45,8.95,5054.66,3651.4114,1734.9586,465.87,"ACTUAL"
26/10/2025 20:50,34.49447,5092.57,3725.00334,1669.36666,467.79,"ACTUAL"
26/10/2025 20:55,8.95,5000.34,3658.26113,1673.45887,461.94,"ACTUAL"
26/10/2025 21:00,7.95026,4970.39,3623.75182,1688.54818,491.66,"ACTUAL"
26/10/2025 21:05,8.95,4905.83,3650.43669,1693.01331,606.98,"ACTUAL"
26/10/2025 21:10,8.95,4884.3,3653.36834,1723.17166,651.24,"ACTUAL"
26/10/2025 21:15,0.01006,4812,3593.30649,1745.62351,682.08,"ACTUAL"
26/10/2025 21:20,9.76339,4812.1,3563.00243,1761.03757,670.17,"ACTUAL"
26/10/2025 21:25,8.95,4765.4,3546.59509,1708.41491,651.1,"ACTUAL"
26/10/2025 21:30,35.52991,4778.47,3523.00191,1660.87809,570.15,"ACTUAL"
26/10/2025 21:35,8.95,4716.92,3434.83341,1613.21659,482.28,"ACTUAL"
26/10/2025 21:40,8.94948,4726.05,3430.61839,1562.50161,445.51,"ACTUAL"
26/10/2025 21:45,5.2,4584.73,3403.21221,1513.46779,475.97,"ACTUAL"
26/10/2025 21:50,29.26517,4629.21,3468.99954,1510.31046,528.07,"ACTUAL"
26/10/2025 21:55,25.12495,4549.14,3469.00329,1556.48671,639.45,"ACTUAL"
26/10/2025 22:00,8.94948,4533.96,3390.39255,1646.72745,669.41,"ACTUAL"
26/10/2025 22:05,4.96,4497.84,3269.70363,1693.37637,631.02,"ACTUAL"
26/10/2025 22:10,36.42178,4531.66,3336.00204,1668.13796,631.53,"ACTUAL"
26/10/2025 22:15,35.52991,4488.62,3343.00475,1643.47525,654.25,"ACTUAL"
26/10/2025 22:20,35.73867,4498.02,3376.00216,1588.65784,621.29,"ACTUAL"
26/10/2025 22:25,42.63391,4491.8,3376.0013,1481.2487,527.19,"ACTUAL"
26/10/2025 22:30,26.27554,4505.61,3375.99938,1477.62062,520.43,"ACTUAL"
26/10/2025 22:35,8.95,4500.96,3353.43396,1466.40604,485.26,"ACTUAL"
26/10/2025 22:40,21.57329,4476.5,3375.99875,1485.61125,557.46,"ACTUAL"
26/10/2025 22:45,35.40932,4484.5,3375.9988,1474.9412,536.98,"ACTUAL"
26/10/2025 22:50,35.47103,4392.68,3375.99526,1413.01474,558.7,"ACTUAL"
26/10/2025 22:55,8.95,4354.73,3337.60052,1412.84948,564.89,"ACTUAL"
26/10/2025 23:00,8.95,4382.66,3339.51103,1406.51897,533.35,"ACTUAL"
26/10/2025 23:05,8.95,4406.46,3283.95321,1452.26679,501.86,"ACTUAL"
26/10/2025 23:10,8.95,4554.12,3330.93173,1513.11827,461.98,"ACTUAL"
26/10/2025 23:15,8.95,4605.86,3296.50973,1527.91027,390.43,"ACTUAL"
26/10/2025 23:20,8.95,4552.37,3247.96778,1566.92222,438.83,"ACTUAL"
26/10/2025 23:25,8.95,4594.43,3257.10519,1643.88481,478.6,"ACTUAL"
26/10/2025 23:30,0.01006,4585.33,3173.1323,1672.3177,427.89,"ACTUAL"
26/10/2025 23:35,6.91044,4609.27,3141.99674,1739.28326,443.74,"ACTUAL"
26/10/2025 23:40,8.95,4540.51,3122.49308,1752.05692,498.63,"ACTUAL"
26/10/2025 23:45,8.95,4522.83,3128.37124,1659.74876,431.81,"ACTUAL"
26/10/2025 23:50,8.95,4490.84,3108.16862,1669.80138,450.35,"ACTUAL"
26/10/2025 23:55,8.95,4488.52,3072.93762,1748.97238,494.99,"ACTUAL"
27/10/2025 00:00,8.95,4473.42,3087.76,1754.15,520.87,"ACTUAL"
27/10/2025 00:05,5.76,4468.79,3023.73843,1808.39157,522.12,"ACTUAL"
27/10/2025 00:10,3.52006,4439.53,2971.66244,1861.28756,548.38,"ACTUAL"
27/10/2025 00:15,2.45006,4396.53,2862.81337,1970.42663,584.72,"ACTUAL"
27/10/2025 00:20,0.01006,4392.53,2793.58827,2057.69173,604.56,"ACTUAL"
27/10/2025 00:25,0.00011,4360.71,2703.9953,2066.0347,561.71,"ACTUAL"
27/10/2025 00:30,0.00006,4336.1,2640.00044,2103.17956,558.34,"ACTUAL"
27/10/2025 00:35,0.00011,4294.8,2583.00212,2117.27788,556.96,"ACTUAL"
27/10/2025 00:40,3.52006,4275.69,2535.3189,2195.3111,597.07,"ACTUAL"
27/10/2025 00:45,0.00011,4245.69,2504.99743,2192.54257,593.79,"ACTUAL"
27/10/2025 00:50,-1.3,4199.7,2504.99928,2154.50072,599.17,"ACTUAL"
27/10/2025 00:55,-6.5,4156.01,2504.99568,2112.06432,600.97,"ACTUAL"
27/10/2025 01:00,-6.49951,4138.57,2505.00472,2087.45528,593.24,"ACTUAL"
27/10/2025 01:05,-3.86,4109.65,2516.00222,2087.54778,632.07,"ACTUAL"
27/10/2025 01:10,-3.84,4078.1,2514.00043,2071.86957,642.88,"ACTUAL"
27/10/2025 01:15,0,4051.58,2509.99936,2088.26064,680.45,"ACTUAL"
27/10/2025 01:20,-6.49976,4072.4,2509.99575,2060.84425,638.71,"ACTUAL"
27/10/2025 01:25,-3.86,3991.47,2514.99937,2046.68063,699.88,"ACTUAL"
27/10/2025 01:30,0.00006,4019.91,2510.0002,2105.6298,723.83,"ACTUAL"
27/10/2025 01:35,0.00011,3990.54,2510.00483,2058.42517,706.84,"ACTUAL"
27/10/2025 01:40,0.01006,3991.52,2535.73091,2066.94909,737.51,"ACTUAL"
27/10/2025 01:45,0.26011,3979.54,2541.00408,2065.87592,753.59,"ACTUAL"
27/10/2025 01:50,0.26,3989.54,2541.0019,2060.2881,738.97,"ACTUAL"
27/10/2025 01:55,0.01006,3978.33,2534.39164,2080.02836,763.41,"ACTUAL"
27/10/2025 02:00,0.00006,3960.6,2510.0046,2096.1554,771.2,"ACTUAL"
27/10/2025 02:05,0.26,3939.98,2534.99509,2125.67491,844.15,"ACTUAL"
27/10/2025 02:10,0.00006,3933.44,2513.02894,2129.60106,833.55,"ACTUAL"
27/10/2025 02:15,0.00006,3923.5,2509.99853,2161.21147,873.68,"ACTUAL"
27/10/2025 02:20,0.00006,3897.29,2509.99626,2164.65374,902.3,"ACTUAL"
27/10/2025 02:25,0.00006,3913.72,2509.99666,2193.55334,912.68,"ACTUAL"
27/10/2025 02:30,0,3922.46,2510.00229,2178.44771,891.11,"ACTUAL"
27/10/2025 02:35,-6.5,3933.14,2509.99772,2177.77228,881.29,"ACTUAL"
27/10/2025 02:40,-6.5,3912.67,2509.99854,2203.52146,925.67,"ACTUAL"
27/10/2025 02:45,-6.5,3900.6,2510.00234,2212.94766,950.93,"ACTUAL"
27/10/2025 02:50,-6.49975,3889.46,2510.99721,2379.13279,1126.79,"ACTUAL"
27/10/2025 02:55,-6.5,3916.6,2509.99745,2365.35255,1085.84,"ACTUAL"
27/10/2025 03:00,-6.5,3908.54,2512.99531,2258.31469,993.32,"ACTUAL"
27/10/2025 03:05,-3.86,4130.95,2520.99699,2519.98301,1040.21,"ACTUAL"
27/10/2025 03:10,-6.49976,4165.03,2509.99754,2568.29246,1041.12,"ACTUAL"
27/10/2025 03:15,-6.5,4148.07,2527.99648,2512.55352,1020.96,"ACTUAL"
27/10/2025 03:20,-6.5,4026.82,2513.00418,2466.66582,1076.57,"ACTUAL"
27/10/2025 03:25,-6.5,4010.86,2522.00268,2496.46732,1132.81,"ACTUAL"
27/10/2025 03:30,-6.5,3969.26,2525.00481,2434.04519,1115.93,"ACTUAL"
27/10/2025 03:35,-7.95452,3987.9,2510.00008,2456.37992,1105.69,"ACTUAL"
27/10/2025 03:40,-7.9825,4011.61,2520.00004,2487.86996,1120.12,"ACTUAL"
27/10/2025 03:45,-7.92066,4045.64,2510.00068,2532.98932,1122.38,"ACTUAL"
27/10/2025 03:50,-6.5,3998.47,2526.0025,2533.1975,1184.58,"ACTUAL"
27/10/2025 03:55,-6.5,4037.57,2518.99776,2628.74224,1234.1,"ACTUAL"
27/10/2025 04:00,-7.81545,4043.23,2510.00483,2627.81517,1215.7,"ACTUAL"
27/10/2025 04:05,-9.1,4065.53,2516.00374,2601.73626,1173.75,"ACTUAL"
27/10/2025 04:10,-6.5,4184.02,2510.00076,2698.79924,1147.15,"ACTUAL"
27/10/2025 04:15,-6.5,4169.91,2520.99569,2548.17431,1024.03,"ACTUAL"
27/10/2025 04:20,-6.5,4190.83,2514.00095,2577.67905,1027.25,"ACTUAL"
27/10/2025 04:25,-6.5,4216.05,2525.9953,2631.5947,1067.66,"ACTUAL"
27/10/2025 04:30,-6.5,4236.9,2509.99928,2714.94072,1108.4,"ACTUAL"
27/10/2025 04:35,-6.5,4248.19,2518.00442,2746.03558,1139.74,"ACTUAL"
27/10/2025 04:40,-3.84,4324.18,2509.99684,2866.28316,1172.87,"ACTUAL"
27/10/2025 04:45,0,4357.68,2520.00303,2944.00697,1228.11,"ACTUAL"
27/10/2025 04:50,0.17332,4375.29,2534.99858,2986.83142,1263.57,"ACTUAL"
27/10/2025 04:55,7.46,4420,2570.89873,2954.54127,1220.56,"ACTUAL"
27/10/2025 05:00,0.52839,4500.49,2549.99593,2902.65407,1065.14,"ACTUAL"
27/10/2025 05:05,32.44141,4551.13,2692.00366,2806.14634,1046.48,"ACTUAL"
27/10/2025 05:10,62.43084,4689.59,2774.00298,2713.74702,892.93,"ACTUAL"
27/10/2025 05:15,62.41009,4807.08,2858.99719,2721.29281,870.21,"ACTUAL"
27/10/2025 05:20,71.69874,4820.62,2936.30858,2673.72142,841.81,"ACTUAL"
27/10/2025 05:25,66.48905,4953.96,3124.99638,2676.92362,921.3,"ACTUAL"
27/10/2025 05:30,67.10463,4977.12,3111.99603,2562.42397,766.49,"ACTUAL"
27/10/2025 05:35,69.14078,5030.57,3231.00073,2480.05927,724.82,"ACTUAL"
27/10/2025 05:40,75.33516,5118.63,3361.99573,2417.25427,687.45,"ACTUAL"
27/10/2025 05:45,74.43238,5188.61,3448.75001,2513.67999,804.55,"ACTUAL"
27/10/2025 05:50,69.54442,5184.6,3358.99807,2618.76193,824.39,"ACTUAL"
27/10/2025 05:55,50.58893,5288.67,3339.99953,2629.28047,708.44,"ACTUAL"
27/10/2025 06:00,50.27417,5328.86,3387.00132,2619.91868,707.22,"ACTUAL"
27/10/2025 06:05,48.25356,5428.48,3327.33662,2564.98338,473.82,"ACTUAL"
27/10/2025 06:10,63.52286,5554.84,3323.00498,2592.83502,372.92,"ACTUAL"
27/10/2025 06:15,45.17719,5635.49,3344.00305,2605.47695,333.26,"ACTUAL"
27/10/2025 06:20,6.45026,5692.95,3290.32726,2636.61274,263.23,"ACTUAL"
27/10/2025 06:25,-3.0653,5751.61,3146.00114,2777.60886,208.91,"ACTUAL"
27/10/2025 06:30,1.42375,5749.97,3113.99934,2993.40066,391.27,"ACTUAL"
27/10/2025 06:35,1.56946,5801.34,3062.99844,3106.04156,399.38,"ACTUAL"
27/10/2025 06:40,-6.11145,5838.7,2986.80843,2982.25157,162.85,"ACTUAL"
27/10/2025 06:45,4.58006,5859.06,3219.33203,3084.05797,480.82,"ACTUAL"
27/10/2025 06:50,-6.49975,5801.47,2929.00399,3066.46601,229.32,"ACTUAL"
27/10/2025 06:55,5.35085,5845.94,2999.81187,3188.79813,381,"ACTUAL"
27/10/2025 07:00,17.7717,5847.25,3013.99619,3179.93381,383.97,"ACTUAL"
27/10/2025 07:05,44.50995,5951.08,3114.99846,3142.10154,341.69,"ACTUAL"
27/10/2025 07:10,89.89,5809.98,3373.26755,2991.81245,594.24,"ACTUAL"
27/10/2025 07:15,90.59,5814.8,3484.99151,3028.14849,736.71,"ACTUAL"
27/10/2025 07:20,0.01006,5773.36,3308.84719,2988.09281,561.47,"ACTUAL"
27/10/2025 07:25,31.07628,5826.98,3239.99971,3049.59029,498.8,"ACTUAL"
27/10/2025 07:30,0.00011,5736.02,3223.09384,3075.96616,603.47,"ACTUAL"
27/10/2025 07:35,30.6201,5729.78,3189.00261,3160.28739,663.48,"ACTUAL"
27/10/2025 07:40,8.95026,5722.99,3177.97241,3199.59759,696.17,"ACTUAL"
27/10/2025 07:45,0.00006,5697.33,3081.99854,3213.30146,637.58,"ACTUAL"
27/10/2025 07:50,-3.84,5698.38,3029.00023,3332.03977,704.35,"ACTUAL"
27/10/2025 07:55,8.95,5666.57,3082.09472,3325.47528,782.16,"ACTUAL"
27/10/2025 08:00,8.95026,5655.47,3111.15399,3144.24601,636.71,"ACTUAL"
27/10/2025 08:05,22.34532,5630.97,2986.84213,3539.59787,941.9,"ACTUAL"
27/10/2025 08:10,-6.5,5731.12,2901.99847,3561.34153,775.31,"ACTUAL"
27/10/2025 08:15,-3.84,5681.48,2825.50316,3581.48684,768.34,"ACTUAL"
27/10/2025 08:20,0.00008,5664.96,2864.30671,3647.72329,890.28,"ACTUAL"
27/10/2025 08:25,-3.84,5567.95,2689.90793,3615.51207,775.41,"ACTUAL"
27/10/2025 08:30,-6.15736,5502.05,2606.62814,3755.92186,905.83,"ACTUAL"
27/10/2025 08:35,-8.30225,5417.58,2527.49524,3356.36476,501.89,"ACTUAL"
27/10/2025 08:40,-8.35464,5402.96,2475.90254,3416.97746,525.95,"ACTUAL"
27/10/2025 08:45,-7.71591,5395.12,2401.00245,3422.93755,462.95,"ACTUAL"
27/10/2025 08:50,-3.93354,5351.67,2399.00343,3680.15657,766.11,"ACTUAL"
27/10/2025 08:55,-9.8473,5258.62,2339.00096,3360.71904,473.64,"ACTUAL"
27/10/2025 09:00,-10.59218,5161.55,2290.22305,3334.48695,494.62,"ACTUAL"
27/10/2025 09:05,-8.69547,5181.23,2272.99791,3384.73209,505.94,"ACTUAL"
27/10/2025 09:10,-8.84781,5146.31,2267.00468,3364.09532,514.84,"ACTUAL"
27/10/2025 09:15,-10.2,5097.1,2221.42668,3287.50332,442.78,"ACTUAL"
27/10/2025 09:20,-9.30609,5063.12,2221.37028,3257.57972,447.89,"ACTUAL"
27/10/2025 09:25,-9.22432,5015.68,2211.99654,3263.46346,491.71,"ACTUAL"
27/10/2025 09:30,-9.92092,4938.04,2203.00491,3173.10509,470.58,"ACTUAL"
27/10/2025 09:35,-6.19018,4972.8,2154.53572,3329.06428,547.35,"ACTUAL"
27/10/2025 09:40,0,4901.72,2109.00329,3336.52671,581.15,"ACTUAL"
27/10/2025 09:45,-9.77317,4798.23,2085.99702,3195.92298,519.42,"ACTUAL"
27/10/2025 09:50,-9.76688,4771.69,2087.00271,3250.25729,602.16,"ACTUAL"
27/10/2025 09:55,-9.23914,4796.62,2069.99648,3235.11352,545.1,"ACTUAL"
27/10/2025 10:00,-10.18864,4755.85,2069.99815,3143.71185,491.86,"ACTUAL"
27/10/2025 10:05,-10.60629,4915.17,2069.99552,3040.39448,229.65,"ACTUAL"
27/10/2025 10:10,-10.66981,4947.43,2069.99804,3028.42196,188.68,"ACTUAL"
27/10/2025 10:15,-11.5144,5021.76,2069.99506,2786.67494,-101.6,"ACTUAL"
27/10/2025 10:20,-12.37994,4928.72,2070.00452,2654.05548,-138.39,"ACTUAL"
27/10/2025 10:25,-11.13046,4829.47,2070.00376,2790.83624,82.09,"ACTUAL"
27/10/2025 10:30,-10.58726,4842.47,2070.00334,2995.66666,268.24,"ACTUAL"
27/10/2025 10:35,-6.5,4813.26,2095.06746,2869.96254,190,"ACTUAL"
27/10/2025 10:40,-10.07013,4793.53,2111.2479,3159.0821,512.38,"ACTUAL"
27/10/2025 10:45,-10.0002,4764.31,2149.99799,3105.05201,524.74,"ACTUAL"
27/10/2025 10:50,-9.71201,4765.12,2149.99847,3082.38153,500.9,"ACTUAL"
27/10/2025 10:55,-9.44193,4799.43,2148.15363,3099.44637,479.46,"ACTUAL"
27/10/2025 11:00,-8.91432,4736.92,2150.00327,3111.22673,565.53,"ACTUAL"
27/10/2025 11:05,-11,4709.1,2149.99702,3024.39298,510.01,"ACTUAL"
27/10/2025 11:10,-11.83215,4648.93,2127.93397,2890.82603,411.67,"ACTUAL"
27/10/2025 11:15,-11.92635,4569.91,2089.47017,2912.46983,461.18,"ACTUAL"
27/10/2025 11:20,-11,4567.06,2069.99538,3078.76462,629.68,"ACTUAL"
27/10/2025 11:25,-11,4575.62,2069.99875,3033.01125,577.75,"ACTUAL"
27/10/2025 11:30,-11.4,4632.61,2069.99832,3033.86168,514.43,"ACTUAL"
27/10/2025 11:35,-11,4564.67,2069.9978,3041.1122,599.29,"ACTUAL"
27/10/2025 11:40,-11.29371,4488.21,2069.99645,2985.56355,605.8,"ACTUAL"
27/10/2025 11:45,-11,4673.82,2070.0032,3147.3068,578.65,"ACTUAL"
27/10/2025 11:50,-11.4,4536.98,2070.00228,2992.87772,572.96,"ACTUAL"
27/10/2025 11:55,-11,4441.06,2069.99896,3094.23104,770.45,"ACTUAL"
27/10/2025 12:00,-17.28887,4370.86,2069.99716,3036.90284,781.12,"ACTUAL"
27/10/2025 12:05,-18.14,4389.07,2069.62808,3048.74192,773.95,"ACTUAL"
27/10/2025 12:10,-10.19,4454.1,2085.22361,3202.52639,880.09,"ACTUAL"
27/10/2025 12:15,-12.07258,4348.24,2070.00056,3062.45944,829.15,"ACTUAL"
27/10/2025 12:20,-10.91264,4307.28,2069.99937,3201.42063,1017.36,"ACTUAL"
27/10/2025 12:25,-11.4,4234.06,2070.00444,3191.95556,1086.2,"ACTUAL"
27/10/2025 12:30,-10.7949,4333.94,2069.99806,3296.74194,1091.12,"ACTUAL"
27/10/2025 12:35,-10.86459,4389.49,2069.99991,3335.84009,1074.73,"ACTUAL"
27/10/2025 12:40,-10.79082,4241.01,2070.00485,3188.97515,1077.11,"ACTUAL"
27/10/2025 12:45,-10.89322,4288.34,2070.00463,3180.63537,1018.68,"ACTUAL"
27/10/2025 12:50,-11.14337,4138.72,2070.00195,3048.10805,1037.98,"ACTUAL"
27/10/2025 12:55,-11.4,4189.53,2069.99686,3086.88314,1025.85,"ACTUAL"
27/10/2025 13:00,-11.4,4108.32,2070.00371,3044.30629,1067.59,"ACTUAL"
27/10/2025 13:05,-11,4093.58,2069.99956,3078.76044,1118.06,"ACTUAL"
27/10/2025 13:10,-11.4,4071.37,2077.00021,3012.73979,1080.14,"ACTUAL"
27/10/2025 13:15,-11.4,4062.44,2069.99796,3024.02204,1094.4,"ACTUAL"
27/10/2025 13:20,-11.4,3987.61,2070.00295,2851.45705,990.88,"ACTUAL"
27/10/2025 13:25,-18.47,4019.02,2069.99955,2860.57045,968.99,"ACTUAL"
27/10/2025 13:30,-18.14,3934.02,2070.00121,2811.62879,1006.82,"ACTUAL"
27/10/2025 13:35,-12.51,3939.01,2076.0004,2833.0796,1029.99,"ACTUAL"
27/10/2025 13:40,-11.4,4003.85,2070.00178,2904.22822,1030.32,"ACTUAL"
27/10/2025 13:45,-11,4027.44,2080.99537,2908.46463,1020.99,"ACTUAL"
27/10/2025 13:50,-11,3986.82,2081.99847,2842.84153,995.86,"ACTUAL"
27/10/2025 13:55,-11.4,3931.25,2070.00064,2823.18936,1021.82,"ACTUAL"
27/10/2025 14:00,-17.38,3853.91,2069.99583,2717.93417,992.44,"ACTUAL"
27/10/2025 14:05,-19.93,3854.02,2047.71808,2721.77192,974.11,"ACTUAL"
27/10/2025 14:10,-18.14,3851.52,2073.00153,2669.30847,948.9,"ACTUAL"
27/10/2025 14:15,-15,3772.48,2069.99767,2655.30233,1014.11,"ACTUAL"
27/10/2025 14:20,-18.98,3896.13,2069.99938,2692.98062,923.06,"ACTUAL"
27/10/2025 14:25,-17.57,3827.29,2070.00405,2722.33595,1028.8,"ACTUAL"
27/10/2025 14:30,-19.93,3748.09,2027.44131,2695.96869,1039.69,"ACTUAL"
27/10/2025 14:35,-18.41,3854.68,2069.99604,2703.25396,978.16,"ACTUAL"
27/10/2025 14:40,-19.93,3640.73,2031.40974,2556.45026,1007.65,"ACTUAL"
27/10/2025 14:45,-19.93,3622.14,2026.37345,2592.25655,1059.92,"ACTUAL"
27/10/2025 14:50,-19.93,3634.74,2010.99772,2602.08228,1040.82,"ACTUAL"
27/10/2025 14:55,-19.93,3554.98,2010.00386,2474.58614,987.4,"ACTUAL"
27/10/2025 15:00,-19.9,3575.93,2049.50025,2633.59975,1179.48,"ACTUAL"
27/10/2025 15:05,-19.99,3582.38,2030.00017,2349.76983,851.27,"ACTUAL"
27/10/2025 15:10,-19.99,3652.1,2051.529,2377.741,828.05,"ACTUAL"
27/10/2025 15:15,-19.93,3718.88,2029.99809,2474.40191,837.54,"ACTUAL"
27/10/2025 15:20,-19.93,3681.85,2100.40947,2433.28053,906.38,"ACTUAL"
27/10/2025 15:25,-19.9,3845.61,2177.27193,2559.94807,948.68,"ACTUAL"
27/10/2025 15:30,-19.93,3919.61,2230.34585,2497.33415,860.38,"ACTUAL"
27/10/2025 15:35,-19.93,3855.18,2305.56071,2422.10929,929.81,"ACTUAL"
27/10/2025 15:40,-19.93,3852.37,2371.99721,2405.34279,985.14,"ACTUAL"
27/10/2025 15:45,-19.93,3852.54,2346.18446,2341.07554,887.57,"ACTUAL"
27/10/2025 15:50,-19.93,3929.97,2292.27692,2451.58308,865.87,"ACTUAL"
27/10/2025 15:55,-18.59825,4016.68,2333.93691,2529.29309,901.37,"ACTUAL"
27/10/2025 16:00,-18.82317,4037.48,2365.71956,2389.78044,764.16,"ACTUAL"
27/10/2025 16:05,-15,4179.92,2439.74689,2471.66311,775.85,"ACTUAL"
27/10/2025 16:10,-13.50028,4235.07,2521.69057,2384.93943,715.91,"ACTUAL"
27/10/2025 16:15,-13.58282,4311.16,2582.52673,2455.24327,776.22,"ACTUAL"
27/10/2025 16:20,-11.58738,4452.57,2638.62649,2432.69351,664.1,"ACTUAL"
27/10/2025 16:25,-11.63682,4492.74,2614.43564,2467.31436,633.19,"ACTUAL"
27/10/2025 16:30,-11.4,4409.26,2610.52891,2421.71109,670.37,"ACTUAL"
27/10/2025 16:35,-11.4,4496.9,2690.97245,2317.56755,562.97,"ACTUAL"
27/10/2025 16:40,-11.4,4533.26,2712.24589,2462.90411,698.23,"ACTUAL"
27/10/2025 16:45,-11.83643,4716.1,2762.90251,2372.21749,478.84,"ACTUAL"
27/10/2025 16:50,-9.39607,4700,2731.74633,2415.87367,508.39,"ACTUAL"
27/10/2025 16:55,-6.5,4898.28,2757.06148,2647.20852,570.65,"ACTUAL"
27/10/2025 17:00,-6.5,4927.36,2807.87974,2619.42026,569.58,"ACTUAL"
27/10/2025 17:05,-10.99992,4956.02,2833.00329,2511.71671,460.59,"ACTUAL"
27/10/2025 17:10,-6.5,5060.89,2838.53758,2736.90242,599.9,"ACTUAL"
27/10/2025 17:15,-6.5,5145.73,2840.90982,2850.78018,631.31,"ACTUAL"
27/10/2025 17:20,0.0001,5249.9,2811.02347,2991.96653,613.15,"ACTUAL"
27/10/2025 17:25,0.0001,5484.68,2835.00281,3107.31719,517.11,"ACTUAL"
27/10/2025 17:30,6.37,5409.24,2865.81551,3079.84449,594.49,"ACTUAL"
27/10/2025 17:35,45.18234,5469.48,2940.99637,3052.49363,587.01,"ACTUAL"
27/10/2025 17:40,118.69,5561.11,3136.27762,2970.49238,618.62,"ACTUAL"
27/10/2025 17:45,118.69,5544.8,3157.31016,2809.66984,485.86,"ACTUAL"
27/10/2025 17:50,129.78,5597.45,3354.92639,2670.99361,496.79,"ACTUAL"
27/10/2025 17:55,91.5116,5696.51,3344.00121,2644.01879,377.62,"ACTUAL"
27/10/2025 18:00,112.69636,5753.31,3603.00235,2514.54765,452.67,"ACTUAL"
27/10/2025 18:05,104.97614,5798.71,3449.99811,2496.42189,206.7,"ACTUAL"
27/10/2025 18:10,54.09141,5810.31,3415.99538,2456.46462,107.12,"ACTUAL"
27/10/2025 18:15,46.12587,5840.14,3437.99819,2409.57181,52.57,"ACTUAL"
27/10/2025 18:20,34.91,5895.86,3550.99824,2293.66176,-20.26,"ACTUAL"
27/10/2025 18:25,0.01006,6208.53,3330.17331,2288.68669,-576.85,"ACTUAL"
27/10/2025 18:30,0.57213,6156.89,3336.99728,2248.48272,-560.35,"ACTUAL"
27/10/2025 18:35,0.01006,6025.81,3377.28957,2159.16043,-483.16,"ACTUAL"
27/10/2025 18:40,0.55248,6054.07,3461.00244,2126.64756,-461.28,"ACTUAL"
27/10/2025 18:45,0,6109.07,3476.99604,1926.56396,-689.49,"ACTUAL"
27/10/2025 18:50,0.00016,6188.46,3508.00225,2049.64775,-619.1,"ACTUAL"
27/10/2025 18:55,0.00016,6249.99,3532.99614,2087.47386,-617.21,"ACTUAL"
27/10/2025 19:00,0.00016,6240.11,3589.99892,2150.58108,-489.13,"ACTUAL"
27/10/2025 19:05,9.71533,6227.1,3631.59789,2250.11211,-339.32,"ACTUAL"
27/10/2025 19:10,35.67689,6222.77,3697.99728,2261.82272,-247.88,"ACTUAL"
27/10/2025 19:15,67,6244.32,3789.77305,2285.67695,-151.16,"ACTUAL"
27/10/2025 19:20,50.02765,6232.24,3668.00343,2320.81657,-232.06,"ACTUAL"
27/10/2025 19:25,54.39419,6299.74,3654.9951,2342.6049,-290.31,"ACTUAL"
27/10/2025 19:30,39.81947,6275.42,3689.99985,2266.08015,-304.94,"ACTUAL"
27/10/2025 19:35,34.55308,6280.72,3724.99676,2345.35324,-195.51,"ACTUAL"
27/10/2025 19:40,40.42799,6265.82,3724.99573,2369.33427,-160.96,"ACTUAL"
27/10/2025 19:45,50.55803,6234.86,3725.00499,2376.49501,-120.32,"ACTUAL"
27/10/2025 19:50,42.93539,6197.75,3724.99608,2386.18392,-71.95,"ACTUAL"
27/10/2025 19:55,39.82107,6146.1,3724.99873,2430.31127,17.26,"ACTUAL"
27/10/2025 20:00,8.95,6158.11,3714.02205,2468.08795,46.26,"ACTUAL"
27/10/2025 20:05,47.78799,6130.74,3725.00062,2461.90938,98.47,"ACTUAL"
27/10/2025 20:10,39.75461,6087.47,3725.00309,2493.83691,176.82,"ACTUAL"
27/10/2025 20:15,39.74488,6048.06,3725.00419,2472.04581,174.07,"ACTUAL"
27/10/2025 20:20,34.14824,6025.83,3724.9952,2506.7148,229.1,"ACTUAL"
27/10/2025 20:25,0.01006,6015.26,3645.88681,2527.98319,176.41,"ACTUAL"
27/10/2025 20:30,8.95,5937.34,3658.76602,2527.22398,265.85,"ACTUAL"
27/10/2025 20:35,8.95,5919.28,3594.91688,2525.04312,231.71,"ACTUAL"
27/10/2025 20:40,8.95,5903.56,3650.87317,2519.61683,295.22,"ACTUAL"
27/10/2025 20:45,-0.00014,5827.62,3477.27745,2566.73255,239.12,"ACTUAL"
27/10/2025 20:50,0,5819.14,3421.00171,2529.02829,154.91,"ACTUAL"
27/10/2025 20:55,0,5753.34,3343.99634,2533.25366,155.11,"ACTUAL"
27/10/2025 21:00,-3.86,5723.63,3433.00135,2465.24865,231.78,"ACTUAL"
27/10/2025 21:05,0.24006,5626.48,3416.21999,2536.39001,375.5,"ACTUAL"
27/10/2025 21:10,43.12727,5614.27,3462.00108,2507.72892,425.56,"ACTUAL"
27/10/2025 21:15,43.54876,5629.86,3481.00309,2546.75691,455.96,"ACTUAL"
27/10/2025 21:20,0.00006,5567.39,3520.62565,2562.83435,587.18,"ACTUAL"
27/10/2025 21:25,-0.47879,5569.57,3591.00484,2529.81516,639.58,"ACTUAL"
27/10/2025 21:30,-3.86,5492.96,3604.99848,2443.21152,639.9,"ACTUAL"
27/10/2025 21:35,0.01006,5469.64,3629.15867,2555.14133,818.13,"ACTUAL"
27/10/2025 21:40,42.66622,5426.06,3655.00175,2487.52825,828.88,"ACTUAL"
27/10/2025 21:45,0.01006,5370.75,3632.31477,2478.56523,859.63,"ACTUAL"
27/10/2025 21:50,17.06032,5333.81,3597.9995,2488.9205,869.74,"ACTUAL"
27/10/2025 21:55,20.07879,5263.09,3543.99671,2457.02329,848.68,"ACTUAL"
27/10/2025 22:00,45.0998,5230.15,3484.99778,2427.70222,774.41,"ACTUAL"
27/10/2025 22:05,39.55846,5186.86,3438.00297,2452.67703,821.33,"ACTUAL"
27/10/2025 22:10,72.38868,5183.71,3375.00056,2479.67944,783.8,"ACTUAL"
27/10/2025 22:15,-6.49976,5090.1,3227.99877,2480.87123,726.76,"ACTUAL"
27/10/2025 22:20,0.01006,5092.65,3342.59204,2486.40796,828.95,"ACTUAL"
27/10/2025 22:25,54.62137,5260.44,3370.00295,2564.20705,757.16,"ACTUAL"
27/10/2025 22:30,0.01006,5242.28,3362.55943,2572.58057,792.18,"ACTUAL"
27/10/2025 22:35,22.21282,5226.35,3370.00168,2589.52832,818.59,"ACTUAL"
27/10/2025 22:40,-6.5,5051.78,3321.25206,2537.05794,918.66,"ACTUAL"
27/10/2025 22:45,17.76303,5169.5,3352.00063,2533.14937,796.27,"ACTUAL"
27/10/2025 22:50,16.77006,5173.17,3323.40242,2604.24758,837.3,"ACTUAL"
27/10/2025 22:55,0.01006,5081.16,3307.66759,2599.78241,932.41,"ACTUAL"
27/10/2025 23:00,-6.49976,5052.36,3282.00364,2554.66636,911.34,"ACTUAL"
27/10/2025 23:05,12.94,5235.82,3331.99954,2563.28046,755.74,"ACTUAL"
27/10/2025 23:10,96.05,5305,3332.00052,2515.94948,634.69,"ACTUAL"
27/10/2025 23:15,0.01006,5151.88,3300.2724,2511.7976,760.88,"ACTUAL"
27/10/2025 23:20,85.91152,5331.24,3331.99922,2503.33078,598.22,"ACTUAL"
27/10/2025 23:25,-6.49976,5099.72,3284.15154,2467.54846,762.78,"ACTUAL"
27/10/2025 23:30,-6.49976,5115.2,3281.99597,2492.44403,768.04,"ACTUAL"
27/10/2025 23:35,81.73798,5279.73,3328.71477,2548.99523,673.67,"ACTUAL"
27/10/2025 23:40,25.79105,5284.36,3331.99576,2613.33424,730.22,"ACTUAL"
27/10/2025 23:45,-6.49976,5041.04,3282.00242,2517.49758,849.12,"ACTUAL"
27/10/2025 23:50,-6.49976,5059.3,3281.99896,2533.73104,854.99,"ACTUAL"
27/10/2025 23:55,-6.49976,5096.88,3281.99678,2563.57322,845.15,"ACTUAL"
28/10/2025 00:00,-6.49976,4999.57,3281.99532,2470.97468,853.53,"ACTUAL"
28/10/2025 00:05,10.74184,4974.77,3323.00351,2328.05649,747.24,"ACTUAL"
28/10/2025 00:10,17.60006,4901.83,3285.04327,2230.42673,680.54,"ACTUAL"
28/10/2025 00:15,-6.49976,4903.71,3282.00291,2337.54709,806.98,"ACTUAL"
28/10/2025 00:20,43.76,4894.67,3332.00199,2165.44801,665.07,"ACTUAL"
28/10/2025 00:25,10.96459,4912.32,3332.00329,2223.30671,712.24,"ACTUAL"
28/10/2025 00:30,-6.49951,4887.98,3282.00185,2256.10815,739.68,"ACTUAL"
28/10/2025 00:35,-1.3745,4857.01,3287.00219,2254.40781,780.63,"ACTUAL"
28/10/2025 00:40,-0.05916,4821.39,3287.00195,2260.67805,805.33,"ACTUAL"
28/10/2025 00:45,59.58858,4817.14,3339.94304,2194.64696,784.79,"ACTUAL"
28/10/2025 00:50,73.79,4788.24,3371.57667,2100.58333,751.09,"ACTUAL"
28/10/2025 00:55,101.89917,4739.48,3336.99665,2053.07335,713.8,"ACTUAL"
28/10/2025 01:00,94.65909,4720.12,3337.00477,2027.25523,715.45,"ACTUAL"
28/10/2025 01:05,101.28129,4719.7,3342.0008,2032.3592,728.29,"ACTUAL"
28/10/2025 01:10,101.2168,4710.25,3342.0036,2011.2764,714,"ACTUAL"
28/10/2025 01:15,96.45329,4698.34,3342.00305,1938.46695,644.02,"ACTUAL"
28/10/2025 01:20,95.37816,4685.67,3342.00241,1926.70759,652.47,"ACTUAL"
28/10/2025 01:25,91.73396,4608.33,3341.99612,1926.42388,735.14,"ACTUAL"
28/10/2025 01:30,80.95358,4544.59,3342.00108,1929.77892,801.59,"ACTUAL"
28/10/2025 01:35,91.05601,4544.79,3347.00087,1945.37913,824.32,"ACTUAL"
28/10/2025 01:40,91.63342,4500.48,3347.0006,1884.7994,807.23,"ACTUAL"
28/10/2025 01:45,91.05037,4494.11,3347.00033,1872.04967,802.74,"ACTUAL"
28/10/2025 01:50,80.98378,4498.28,3347.0012,1865.0088,794.8,"ACTUAL"
28/10/2025 01:55,66.8809,4473.04,3346.99737,1851.88263,803.71,"ACTUAL"
28/10/2025 02:00,90.96773,4501.35,3347.00115,1825.28885,753.29,"ACTUAL"
28/10/2025 02:05,93.67922,4465.32,3346.99579,1782.83421,742.16,"ACTUAL"
28/10/2025 02:10,70.93439,4449.09,3349.99956,1815.87044,799.29,"ACTUAL"
28/10/2025 02:15,38.69,4453.8,3347.00172,1805.18828,781.26,"ACTUAL"
28/10/2025 02:20,73.41493,4449.56,3347.0033,1769.5667,742.1,"ACTUAL"
28/10/2025 02:25,38.69,4443.29,3346.99932,1790.82068,772.2,"ACTUAL"
28/10/2025 02:30,38.69,4443.62,3356.0046,1789.6354,780.96,"ACTUAL"
28/10/2025 02:35,38.69,4442.88,3347.00066,1797.69934,780.79,"ACTUAL"
28/10/2025 02:40,0.01006,4431.53,3308.75888,1805.87112,774.73,"ACTUAL"
28/10/2025 02:45,2.01006,4434,3332.96037,1818.62963,802.53,"ACTUAL"
28/10/2025 02:50,17.40458,4443.52,3332.00098,1852.58902,815.13,"ACTUAL"
28/10/2025 02:55,0.01006,4439.85,3315.32678,1872.48322,838.99,"ACTUAL"
28/10/2025 03:00,15.27722,4435.61,3332.00378,1886.04622,850.02,"ACTUAL"
28/10/2025 03:05,8.95,4413.69,3292.85044,1893.59956,844.76,"ACTUAL"
28/10/2025 03:10,8.95,4450.15,3276.59333,1901.95667,804.66,"ACTUAL"
28/10/2025 03:15,8.95,4442.69,3259.35666,1916.89334,808.05,"ACTUAL"
28/10/2025 03:20,8.95,4502.86,3279.74457,1928.62543,778.75,"ACTUAL"
28/10/2025 03:25,67.56248,4570.61,3332.00446,1926.67554,751.71,"ACTUAL"
28/10/2025 03:30,8.95,4474.19,3268.46133,1926.39867,791.23,"ACTUAL"
28/10/2025 03:35,16.25308,4492.54,3287.00358,1899.23642,769.84,"ACTUAL"
28/10/2025 03:40,19.18,4512.04,3288.01871,1880.58129,732.8,"ACTUAL"
28/10/2025 03:45,67.479,4622.9,3332.0047,1882.1953,664.08,"ACTUAL"
28/10/2025 03:50,43.45974,4577.01,3331.9963,1888.3237,717.29,"ACTUAL"
28/10/2025 03:55,70.95112,4720.32,3331.99699,1888.51301,552.86,"ACTUAL"
28/10/2025 04:00,68.98629,4637.27,3364.99992,1885.91008,684.49,"ACTUAL"
28/10/2025 04:05,68.72136,4674.02,3455.99651,1899.13349,742.66,"ACTUAL"
28/10/2025 04:10,68.90023,4721.14,3457.0023,1881.9577,689.49,"ACTUAL"
28/10/2025 04:15,71.11645,4791.76,3449.9985,1881.3715,599.14,"ACTUAL"
28/10/2025 04:20,78.04392,4793.73,3454.99801,1879.65199,599.99,"ACTUAL"
28/10/2025 04:25,80,4865.71,3619.96332,1898.27668,723.86,"ACTUAL"
28/10/2025 04:30,80,4828.77,3499.94181,1700.55819,416.98,"ACTUAL"
28/10/2025 04:35,80,4877.43,3501.71098,1738.03902,399.7,"ACTUAL"
28/10/2025 04:40,80,4961.9,3551.23932,1738.53068,362.31,"ACTUAL"
28/10/2025 04:45,80,5011.25,3690.1977,1732.3723,448.58,"ACTUAL"
28/10/2025 04:50,80,5029.35,3631.22478,1725.15522,360.64,"ACTUAL"
28/10/2025 04:55,95.09271,5087.1,3771.99999,1776.27001,502.67,"ACTUAL"
28/10/2025 05:00,103.55711,5147.29,3768.99652,1689.65348,348.99,"ACTUAL"
28/10/2025 05:05,99.43835,5234.82,3849.00093,1726.04907,404.53,"ACTUAL"
28/10/2025 05:10,149.63,5360.29,4031.40113,1625.66887,357.79,"ACTUAL"
28/10/2025 05:15,120,5513.62,4101.28554,1563.37446,207.87,"ACTUAL"
28/10/2025 05:20,124.05411,5507.93,4336.00487,1567.42513,445.23,"ACTUAL"
28/10/2025 05:25,120,5620.31,4281.32099,1572.92901,299.38,"ACTUAL"
28/10/2025 05:30,120,5665.44,4320.39834,1599.64166,315.54,"ACTUAL"
28/10/2025 05:35,120,5761.27,4428.71393,1617.04607,366.12,"ACTUAL"
28/10/2025 05:40,120,5819.16,4408.90489,1646.05511,304.76,"ACTUAL"
28/10/2025 05:45,125.49,5914.89,4508.46482,1652.53518,322.54,"ACTUAL"
28/10/2025 05:50,122.07928,5923.8,4417.06566,1693.09434,254.56,"ACTUAL"
28/10/2025 05:55,125.49,6008.08,4421.50058,1747.18942,228.02,"ACTUAL"
28/10/2025 06:00,126.81536,6063.29,4467.99849,1775.03151,252.43,"ACTUAL"
28/10/2025 06:05,130.9619,6146.95,4362.99538,1821.14462,100.37,"ACTUAL"
28/10/2025 06:10,129.78,6198.94,4467.36555,1844.52445,174.45,"ACTUAL"
28/10/2025 06:15,158.97,6281.44,4640.20423,1903.22577,327.3,"ACTUAL"
28/10/2025 06:20,129.78,6146.6,4602.37541,1924.86459,448.72,"ACTUAL"
28/10/2025 06:25,121.58314,6024.37,4493.00058,1976.59942,531.21,"ACTUAL"
28/10/2025 06:30,119.35789,5987.1,4401.99836,2001.25164,493.44,"ACTUAL"
28/10/2025 06:35,121.64948,5993.39,4429.67456,2010.10544,524.42,"ACTUAL"
28/10/2025 06:40,105.89,5960,4326.07948,2059.26052,502.11,"ACTUAL"
28/10/2025 06:45,109.55,5946.07,4337.30953,2116.41047,591.3,"ACTUAL"
28/10/2025 06:50,115.67107,5889.5,4244.00313,2101.05687,524.49,"ACTUAL"
28/10/2025 06:55,129.78,5912.72,4264.06967,2078.71033,494.97,"ACTUAL"
28/10/2025 07:00,98.26869,5725.62,3775.99921,2085.56079,169.12,"ACTUAL"
28/10/2025 07:05,129.78,5696.31,3871.8356,2068.5244,293.9,"ACTUAL"
28/10/2025 07:10,66.84236,5558.19,3792.00452,2060.87548,362.29,"ACTUAL"
28/10/2025 07:15,109.55,5752.3,3605.99734,2013.70266,-60.14,"ACTUAL"
28/10/2025 07:20,94.56545,5563.7,3584.22498,1934.02502,29.21,"ACTUAL"
28/10/2025 07:25,109.80981,5533.53,3639.6221,1884.5979,58.65,"ACTUAL"
28/10/2025 07:30,48.68,5468.89,3703.23101,1898.05899,196.33,"ACTUAL"
28/10/2025 07:35,87.75657,5350.78,3455.99862,1912.01138,75.58,"ACTUAL"
28/10/2025 07:40,79.84791,5263.35,3333.00401,1951.76599,77.47,"ACTUAL"
28/10/2025 07:45,34.94744,5163.63,3378.00419,1910.70581,180.56,"ACTUAL"
28/10/2025 07:50,29.10521,5102.74,3331.00482,1925.31518,229.11,"ACTUAL"
28/10/2025 07:55,-6.5,5030.48,3190.56571,1807.68429,38.66,"ACTUAL"
28/10/2025 08:00,-6.5,4947.47,3131.99914,1870.12086,137.22,"ACTUAL"
28/10/2025 08:05,-3.86,4823.13,3068.00313,1967.14687,296.66,"ACTUAL"
28/10/2025 08:10,0,4808.01,3001.59206,2014.68794,294,"ACTUAL"
28/10/2025 08:15,-6.5,4718.9,2894.00452,1832.70548,91.54,"ACTUAL"
28/10/2025 08:20,-10.9999,4613.73,2789.37936,1755.28064,29.81,"ACTUAL"
28/10/2025 08:25,-10.9999,4534.2,2686.99718,1730.42282,-21.03,"ACTUAL"
28/10/2025 08:30,-11,4457.44,2634.00218,1717.12782,-8.28,"ACTUAL"
28/10/2025 08:35,-8.38,4459.18,2562.66047,1808.20953,8.49,"ACTUAL"
28/10/2025 08:40,-10.9999,4303.08,2463.99916,1744.07084,4.51,"ACTUAL"
28/10/2025 08:45,-11.75,4181.51,2408.99593,1716.83407,44.09,"ACTUAL"
28/10/2025 08:50,-11.75,4098.14,2357.99523,1734.70477,92.51,"ACTUAL"
28/10/2025 08:55,-11,4231.4,2322.99586,1890.13414,77.57,"ACTUAL"
28/10/2025 09:00,-8.38,4122.52,2209.58967,1986.24033,174.85,"ACTUAL"
28/10/2025 09:05,-11.4,3994.87,2142.4985,1827.3615,72.32,"ACTUAL"
28/10/2025 09:10,-11.75,3879.38,2120.49913,1782.66087,128.68,"ACTUAL"
28/10/2025 09:15,-19.99,3601.77,2060.1215,1623.5185,160.2,"ACTUAL"
28/10/2025 09:20,-13.38013,3583.37,2076.74747,1615.06253,204.86,"ACTUAL"
28/10/2025 09:25,-19.93,3491.84,2028.00453,1584.34547,194.08,"ACTUAL"
28/10/2025 09:30,-19.93,3460.66,2000.99563,1574.31437,183.36,"ACTUAL"
28/10/2025 09:35,-17.67357,3438.96,2057.64818,1514.14182,206.95,"ACTUAL"
28/10/2025 09:40,-12.51,3423.96,2061.00076,1475.04924,219.75,"ACTUAL"
28/10/2025 09:45,-14.1195,3391.44,2061.00309,1415.02691,172,"ACTUAL"
28/10/2025 09:50,-14.21717,3365.06,2060.9994,1373.0606,158.02,"ACTUAL"
28/10/2025 09:55,-14.30158,3341.98,2061.00299,1337.81701,150.69,"ACTUAL"
28/10/2025 10:00,-13.73738,3208.28,2060.99937,1363.17063,292.45,"ACTUAL"
28/10/2025 10:05,-14.01077,3196.3,2061.00238,1260.27762,208.64,"ACTUAL"
28/10/2025 10:10,-13.27716,3203.33,2061.00007,1285.89993,232.86,"ACTUAL"
28/10/2025 10:15,-22.14952,3063.79,2257.99566,1158.20434,412.29,"ACTUAL"
28/10/2025 10:20,-19.9,3124.23,2278.51271,1160.01729,372.35,"ACTUAL"
28/10/2025 10:25,-13.81,3179.99,2311.00345,1135.86655,327.3,"ACTUAL"
28/10/2025 10:30,-15.74594,3169.03,2311.99859,1143.71141,348.59,"ACTUAL"
28/10/2025 10:35,-19.9,3123.9,2287.30078,1178.04922,402.86,"ACTUAL"
28/10/2025 10:40,-19.9,3121.61,2294.53541,1142.46459,376.78,"ACTUAL"
28/10/2025 10:45,-12.51,3245.3,2061.00202,1198.21798,107.44,"ACTUAL"
28/10/2025 10:50,-12.50958,3307.9,2060.99596,1334.58404,178.87,"ACTUAL"
28/10/2025 10:55,-12.50958,3269.75,2060.99738,1288.02262,170.96,"ACTUAL"
28/10/2025 11:00,-12.51,3215.53,2060.99711,1182.59289,125.84,"ACTUAL"
28/10/2025 11:05,-13.47387,3120.17,2061.00119,1128.83881,166.62,"ACTUAL"
28/10/2025 11:10,-13.74505,3035.94,2061.00183,1154.72817,254.72,"ACTUAL"
28/10/2025 11:15,-13.15781,3095.29,2060.99979,1130.89021,176.17,"ACTUAL"
28/10/2025 11:20,-18.41,3035.41,2061.00203,1113.03797,197.46,"ACTUAL"
28/10/2025 11:25,-13.81,3062.79,2061.0022,1128.1478,183.53,"ACTUAL"
28/10/2025 11:30,-16.06574,3078.4,2060.99602,1113.95398,154.37,"ACTUAL"
28/10/2025 11:35,-15.97405,3002.07,2061.00171,1083.18829,201.96,"ACTUAL"
28/10/2025 11:40,-19.9,2979.87,2058.69668,1070.26332,203.38,"ACTUAL"
28/10/2025 11:45,-20.55,2919.03,2028.40794,1010.25206,176.88,"ACTUAL"
28/10/2025 11:50,-19.93,2929.79,2025.00147,1051.31853,209.39,"ACTUAL"
28/10/2025 11:55,-19.93,2931.26,2006.99559,1069.00441,207.97,"ACTUAL"
28/10/2025 12:00,-22.8054,2845.08,2001.00275,1017.59725,234.73,"ACTUAL"
28/10/2025 12:05,-19.93,2913.97,2017.00473,1054.87527,219.78,"ACTUAL"
28/10/2025 12:10,-19.9,2939.74,2047.38485,1064.59515,235.84,"ACTUAL"
28/10/2025 12:15,-15.41432,2995.73,2060.99604,1321.69396,428.92,"ACTUAL"
28/10/2025 12:20,-13.67863,3012.69,2061.00232,1048.14768,162.71,"ACTUAL"
28/10/2025 12:25,-19.93,2912.28,2018.43558,997.21442,166.45,"ACTUAL"
28/10/2025 12:30,-22.91141,2826.07,2000.99638,981.88362,214.77,"ACTUAL"
28/10/2025 12:35,-22.86336,2853.35,2000.99505,990.54495,195.27,"ACTUAL"